Name,Country,Status,Reactor Type,Reference Unit Power (Net Capacity),Construction Start Date,First Grid Connection,Commercial Operation Date,Permanent Shutdown Date
ARMENIAN-1,ARMENIA,Permanent Shutdown,PWR,376,"01 Jul, 1969","22 Dec, 1976","06 Oct, 1977","25 Feb, 1989"
ARMENIAN-2,ARMENIA,Operational,PWR,416,"01 Jul, 1975","05 Jan, 1980","03 May, 1980",
ATUCHA-1,ARGENTINA,Operational,PHWR,340,"31 May, 1968","18 Mar, 1974","23 Jun, 1974",
EMBALSE,ARGENTINA,Operational,PHWR,608,"31 Mar, 1974","24 Apr, 1983","19 Jan, 1984",
ATUCHA-2,ARGENTINA,Operational,PHWR,693,"13 Jul, 1981","24 Jun, 2014","25 May, 2016",
BR-3,BELGIUM,Permanent Shutdown,PWR,10,"01 Nov, 1957","10 Oct, 1962","10 Oct, 1962","30 Jun, 1987"
DOEL-1,BELGIUM,Operational,PWR,445,"01 Jul, 1969","28 Aug, 1974","15 Feb, 1975",
TIHANGE-1,BELGIUM,Operational,PWR,962,"01 Jun, 1970","07 Mar, 1975","01 Oct, 1975",
DOEL-2,BELGIUM,Operational,PWR,445,"01 Sep, 1971","21 Aug, 1975","01 Dec, 1975",
DOEL-3,BELGIUM,Permanent Shutdown,PWR,1006,"01 Jan, 1975","23 Jun, 1982","01 Oct, 1982","23 Sep, 2022"
TIHANGE-2,BELGIUM,Permanent Shutdown,PWR,1008,"01 Apr, 1976","13 Oct, 1982","01 Jun, 1983","01 Feb, 2023"
DOEL-4,BELGIUM,Operational,PWR,1026,"01 Dec, 1978","08 Apr, 1985","01 Jul, 1985",
TIHANGE-3,BELGIUM,Operational,PWR,1030,"01 Nov, 1978","15 Jun, 1985","01 Sep, 1985",
KOZLODUY-1,BULGARIA,Permanent Shutdown,PWR,408,"01 Apr, 1970","24 Jul, 1974","28 Oct, 1974","31 Dec, 2002"
KOZLODUY-2,BULGARIA,Permanent Shutdown,PWR,408,"01 Apr, 1970","24 Aug, 1975","10 Nov, 1975","31 Dec, 2002"
KOZLODUY-3,BULGARIA,Permanent Shutdown,PWR,408,"01 Oct, 1973","17 Dec, 1980","20 Jan, 1981","31 Dec, 2006"
KOZLODUY-4,BULGARIA,Permanent Shutdown,PWR,408,"01 Oct, 1973","17 May, 1982","20 Jun, 1982","31 Dec, 2006"
KOZLODUY-5,BULGARIA,Operational,PWR,1003,"09 Jul, 1980","29 Nov, 1987","23 Dec, 1988",
KOZLODUY-6,BULGARIA,Operational,PWR,1003,"01 Apr, 1982","02 Aug, 1991","30 Dec, 1993",
ANGRA-1,BRAZIL,Operational,PWR,609,"01 May, 1971","01 Apr, 1982","01 Jan, 1985",
ANGRA-2,BRAZIL,Operational,PWR,1275,"01 Jan, 1976","21 Jul, 2000","01 Feb, 2001",
ANGRA-3,BRAZIL,Under Construction,PWR,1340,"30 May, 2010",N/A,N/A,
ROLPHTON NPD,CANADA,Permanent Shutdown,PHWR,22,"01 Jan, 1958","04 Jun, 1962","01 Oct, 1962","01 Aug, 1987"
BRUCE-3,CANADA,Operational,PHWR,770,"01 Jul, 1972","12 Dec, 1977","01 Feb, 1978",
BRUCE-4,CANADA,Operational,PHWR,807,"01 Sep, 1972","21 Dec, 1978","18 Jan, 1979",
GENTILLY-2,CANADA,Permanent Shutdown,PHWR,635,"01 Apr, 1974","04 Dec, 1982","01 Oct, 1983","28 Dec, 2012"
PICKERING-5,CANADA,Operational,PHWR,516,"01 Nov, 1974","19 Dec, 1982","10 May, 1983",
PICKERING-6,CANADA,Operational,PHWR,516,"01 Oct, 1975","08 Nov, 1983","01 Feb, 1984",
PICKERING-7,CANADA,Operational,PHWR,516,"01 Mar, 1976","17 Nov, 1984","01 Jan, 1985",
PICKERING-8,CANADA,Operational,PHWR,516,"01 Sep, 1976","21 Jan, 1986","28 Feb, 1986",
POINT LEPREAU,CANADA,Operational,PHWR,660,"01 May, 1975","11 Sep, 1982","01 Feb, 1983",
BRUCE-5,CANADA,Operational,PHWR,817,"31 May, 1978","01 Dec, 1984","28 Feb, 1985",
BRUCE-6,CANADA,Operational,PHWR,817,"01 Jan, 1978","26 Jun, 1984","14 Sep, 1984",
DOUGLAS POINT,CANADA,Permanent Shutdown,PHWR,206,"01 Feb, 1960","07 Jan, 1967","26 Sep, 1968","04 May, 1984"
BRUCE-7,CANADA,Operational,PHWR,817,"01 May, 1979","22 Feb, 1986","10 Apr, 1986",
BRUCE-8,CANADA,Operational,PHWR,817,"30 Jul, 1979","07 Mar, 1987","20 May, 1987",
DARLINGTON-1,CANADA,Operational,PHWR,878,"01 Apr, 1982","19 Dec, 1990","14 Nov, 1992",
DARLINGTON-2,CANADA,Operational,PHWR,878,"01 Sep, 1981","15 Jan, 1990","09 Oct, 1990",
DARLINGTON-3,CANADA,Operational,PHWR,878,"01 Sep, 1984","07 Dec, 1992","14 Feb, 1993",
DARLINGTON-4,CANADA,Operational,PHWR,878,"01 Jul, 1985","17 Apr, 1993","14 Jun, 1993",
GENTILLY-1,CANADA,Permanent Shutdown,HWLWR,250,"01 Sep, 1966","05 Apr, 1971","01 May, 1972","01 Jun, 1977"
PICKERING-1,CANADA,Operational,PHWR,515,"01 Jun, 1966","04 Apr, 1971","29 Jul, 1971",
PICKERING-2,CANADA,Permanent Shutdown,PHWR,515,"01 Sep, 1966","06 Oct, 1971","30 Dec, 1971","28 May, 2007"
PICKERING-3,CANADA,Permanent Shutdown,PHWR,515,"01 Dec, 1967","03 May, 1972","01 Jun, 1972","31 Oct, 2008"
PICKERING-4,CANADA,Operational,PHWR,515,"01 May, 1968","21 May, 1973","17 Jun, 1973",
BRUCE-1,CANADA,Operational,PHWR,811,"01 Jun, 1971","14 Jan, 1977","01 Sep, 1977",
BRUCE-2,CANADA,Operational,PHWR,777,"01 Dec, 1970","04 Sep, 1976","01 Sep, 1977",
BEZNAU-1,SWITZERLAND,Operational,PWR,365,"01 Sep, 1965","17 Jul, 1969","09 Dec, 1969",
MUEHLEBERG,SWITZERLAND,Permanent Shutdown,BWR,373,"01 Mar, 1967","01 Jul, 1971","06 Nov, 1972","20 Dec, 2019"
BEZNAU-2,SWITZERLAND,Operational,PWR,365,"01 Jan, 1968","23 Oct, 1971","04 Mar, 1972",
GOESGEN,SWITZERLAND,Operational,PWR,1010,"01 Dec, 1973","02 Feb, 1979","01 Nov, 1979",
LEIBSTADT,SWITZERLAND,Operational,BWR,1233,"01 Jan, 1974","24 May, 1984","15 Dec, 1984",
QINSHAN-1,CHINA,Operational,PWR,326,"20 Mar, 1985","15 Dec, 1991","01 Apr, 1994",
DAYA BAY-1,CHINA,Operational,PWR,944,"07 Aug, 1987","31 Aug, 1993","01 Feb, 1994",
DAYA BAY-2,CHINA,Operational,PWR,944,"07 Apr, 1988","07 Feb, 1994","06 May, 1994",
QINSHAN 2-1,CHINA,Operational,PWR,623,"02 Jun, 1996","06 Feb, 2002","15 Apr, 2002",
QINSHAN 2-2,CHINA,Operational,PWR,623,"01 Apr, 1997","11 Mar, 2004","03 May, 2004",
LING AO-1,CHINA,Operational,PWR,950,"15 May, 1997","26 Feb, 2002","28 May, 2002",
LING AO-2,CHINA,Operational,PWR,950,"28 Nov, 1997","14 Sep, 2002","08 Jan, 2003",
QINSHAN 3-1,CHINA,Operational,PHWR,677,"08 Jun, 1998","19 Nov, 2002","31 Dec, 2002",
TEMELIN-1,CZECH REPUBLIC,Operational,PWR,1027,"01 Feb, 1987","21 Dec, 2000","10 Jun, 2002",
TEMELIN-2,CZECH REPUBLIC,Operational,PWR,1029,"01 Feb, 1987","29 Dec, 2002","18 Apr, 2003",
DUKOVANY-1,CZECH REPUBLIC,Operational,PWR,468,"01 Jan, 1979","24 Feb, 1985","03 May, 1985",
DUKOVANY-2,CZECH REPUBLIC,Operational,PWR,471,"01 Jan, 1979","30 Jan, 1986","21 Mar, 1986",
DUKOVANY-3,CZECH REPUBLIC,Operational,PWR,468,"01 Mar, 1979","14 Nov, 1986","20 Dec, 1986",
DUKOVANY-4,CZECH REPUBLIC,Operational,PWR,471,"01 Mar, 1979","11 Jun, 1987","19 Jul, 1987",
VAK KAHL,GERMANY,Decommissioning Completed,BWR,15,"01 Jul, 1958",N/A,N/A,"25 Nov, 1985"
STADE,GERMANY,Permanent Shutdown,PWR,640,"01 Dec, 1967","29 Jan, 1972","19 May, 1972","14 Nov, 2003"
NIEDERAICHBACH,GERMANY,Decommissioning Completed,HWGCR,100,"01 Jun, 1966",N/A,N/A,"31 Jul, 1974"
BIBLIS-A,GERMANY,Permanent Shutdown,PWR,1167,"01 Jan, 1970","25 Aug, 1974","26 Feb, 1975","06 Aug, 2011"
BRUNSBUETTEL,GERMANY,Permanent Shutdown,BWR,771,"15 Apr, 1970","13 Jul, 1976","09 Feb, 1977","06 Aug, 2011"
PHILIPPSBURG-1,GERMANY,Permanent Shutdown,BWR,890,"01 Oct, 1970","05 May, 1979","26 Mar, 1980","06 Aug, 2011"
NECKARWESTHEIM-1,GERMANY,Permanent Shutdown,PWR,785,"01 Feb, 1972","03 Jun, 1976","01 Dec, 1976","06 Aug, 2011"
ISAR-1,GERMANY,Permanent Shutdown,BWR,878,"01 May, 1972","03 Dec, 1977","21 Mar, 1979","06 Aug, 2011"
UNTERWESER,GERMANY,Permanent Shutdown,PWR,1345,"01 Jul, 1972","29 Sep, 1978","06 Sep, 1979","06 Aug, 2011"
BIBLIS-B,GERMANY,Permanent Shutdown,PWR,1240,"01 Feb, 1972","25 Apr, 1976","31 Jan, 1977","06 Aug, 2011"
THTR-300,GERMANY,Permanent Shutdown,HTGR,296,"03 May, 1971","16 Nov, 1985","01 Jun, 1987","29 Sep, 1988"
MZFR,GERMANY,Permanent Shutdown,PHWR,52,"01 Dec, 1961","09 Mar, 1966","19 Dec, 1966","03 May, 1984"
KRUEMMEL,GERMANY,Permanent Shutdown,BWR,1346,"05 Apr, 1974","28 Sep, 1983","28 Mar, 1984","06 Aug, 2011"
MUELHEIM-KAERLICH,GERMANY,Permanent Shutdown,PWR,1219,"15 Jan, 1975","14 Mar, 1986","18 Aug, 1987","09 Sep, 1988"
GRAFENRHEINFELD,GERMANY,Permanent Shutdown,PWR,1275,"01 Jan, 1975","30 Dec, 1981","17 Jun, 1982","27 Jun, 2015"
PHILIPPSBURG-2,GERMANY,Permanent Shutdown,PWR,1402,"07 Jul, 1977","17 Dec, 1984","18 Apr, 1985","31 Dec, 2019"
GUNDREMMINGEN-B,GERMANY,Permanent Shutdown,BWR,1284,"20 Jul, 1976","16 Mar, 1984","19 Jul, 1984","31 Dec, 2017"
GROHNDE,GERMANY,Permanent Shutdown,PWR,1360,"01 Jun, 1976","05 Sep, 1984","01 Feb, 1985","31 Dec, 2021"
GUNDREMMINGEN-C,GERMANY,Permanent Shutdown,BWR,1288,"20 Jul, 1976","02 Nov, 1984","18 Jan, 1985","31 Dec, 2021"
GUNDREMMINGEN-A,GERMANY,Permanent Shutdown,BWR,237,"12 Dec, 1962","01 Dec, 1966","12 Apr, 1967","13 Jan, 1977"
ISAR-2,GERMANY,Permanent Shutdown,PWR,1410,"15 Sep, 1982","22 Jan, 1988","09 Apr, 1988","15 Apr, 2023"
BROKDORF,GERMANY,Permanent Shutdown,PWR,1410,"01 Jan, 1976","14 Oct, 1986","22 Dec, 1986","31 Dec, 2021"
EMSLAND,GERMANY,Permanent Shutdown,PWR,1335,"10 Aug, 1982","19 Apr, 1988","20 Jun, 1988","15 Apr, 2023"
AVR JUELICH,GERMANY,Permanent Shutdown,HTGR,13,"01 Aug, 1961","17 Dec, 1967","19 May, 1969","31 Dec, 1988"
NECKARWESTHEIM-2,GERMANY,Permanent Shutdown,PWR,1310,"09 Nov, 1982","03 Jan, 1989","15 Apr, 1989","15 Apr, 2023"
OBRIGHEIM,GERMANY,Permanent Shutdown,PWR,340,"15 Mar, 1965","29 Oct, 1968","31 Mar, 1969","11 May, 2005"
RHEINSBERG,GERMANY,Permanent Shutdown,PWR,62,"01 Jan, 1960","06 May, 1966","11 Oct, 1966","01 Jun, 1990"
GREIFSWALD-1,GERMANY,Permanent Shutdown,PWR,408,"01 Mar, 1970","17 Dec, 1973","12 Jul, 1974","18 Dec, 1990"
GREIFSWALD-2,GERMANY,Permanent Shutdown,PWR,408,"01 Mar, 1970","23 Dec, 1974","16 Apr, 1975","14 Feb, 1990"
GREIFSWALD-3,GERMANY,Permanent Shutdown,PWR,408,"01 Apr, 1972","24 Oct, 1977","01 May, 1978","28 Feb, 1990"
GREIFSWALD-4,GERMANY,Permanent Shutdown,PWR,408,"01 Apr, 1972","03 Sep, 1979","01 Nov, 1979","02 Jun, 1990"
GREIFSWALD-5,GERMANY,Permanent Shutdown,PWR,408,"01 Dec, 1976","24 Apr, 1989","01 Nov, 1989","24 Nov, 1989"
LINGEN,GERMANY,Permanent Shutdown,BWR,183,"01 Oct, 1964","01 Jul, 1968","01 Oct, 1968","05 Jan, 1977"
HDR GROSSWELZHEIM,GERMANY,Decommissioning Completed,BWR,25,"01 Jan, 1965",N/A,N/A,"20 Jul, 1971"
KNK II,GERMANY,Permanent Shutdown,FBR,17,"01 Sep, 1974","09 Apr, 1978","03 Mar, 1979","23 Aug, 1991"
WUERGASSEN,GERMANY,Permanent Shutdown,BWR,640,"26 Jan, 1968","18 Dec, 1971","11 Nov, 1975","26 Aug, 1994"
EL DABAA-1,EGYPT,Under Construction,PWR,1100,"20 Jul, 2022",N/A,N/A,
EL DABAA-2,EGYPT,Under Construction,PWR,1100,"19 Nov, 2022",N/A,N/A,
JOSE CABRERA-1,SPAIN,Permanent Shutdown,PWR,141,"24 Jun, 1964","14 Jul, 1968","13 Aug, 1969","30 Apr, 2006"
COFRENTES,SPAIN,Operational,BWR,1064,"09 Sep, 1975","14 Oct, 1984","11 Mar, 1985",
TRILLO-1,SPAIN,Operational,PWR,1003,"17 Aug, 1979","23 May, 1988","06 Aug, 1988",
VANDELLOS-2,SPAIN,Operational,PWR,1047,"29 Dec, 1980","12 Dec, 1987","08 Mar, 1988",
SANTA MARIA DE GARONA,SPAIN,Permanent Shutdown,BWR,446,"01 Sep, 1966","02 Mar, 1971","11 May, 1971","02 Aug, 2017"
VANDELLOS-1,SPAIN,Permanent Shutdown,GCR,480,"21 Jun, 1968","06 May, 1972","02 Aug, 1972","31 Jul, 1990"
ALMARAZ-1,SPAIN,Operational,PWR,1011,"03 Jul, 1973","01 May, 1981","01 Sep, 1983",
ALMARAZ-2,SPAIN,Operational,PWR,1006,"03 Jul, 1973","08 Oct, 1983","01 Jul, 1984",
ASCO-1,SPAIN,Operational,PWR,995,"16 May, 1974","13 Aug, 1983","10 Dec, 1984",
ASCO-2,SPAIN,Operational,PWR,997,"07 Mar, 1975","23 Oct, 1985","31 Mar, 1986",
LOVIISA-1,FINLAND,Operational,PWR,507,"01 May, 1971","08 Feb, 1977","09 May, 1977",
LOVIISA-2,FINLAND,Operational,PWR,507,"01 Aug, 1972","04 Nov, 1980","05 Jan, 1981",
OLKILUOTO-1,FINLAND,Operational,BWR,890,"01 Feb, 1974","02 Sep, 1978","10 Oct, 1979",
OLKILUOTO-2,FINLAND,Operational,BWR,890,"01 Nov, 1975","18 Feb, 1980","10 Jul, 1982",
G-3 (MARCOULE),FRANCE,Permanent Shutdown,GCR,40,"01 Mar, 1956","04 Apr, 1960","04 Apr, 1960","20 Jun, 1984"
PHENIX,FRANCE,Permanent Shutdown,FBR,130,"01 Nov, 1968","13 Dec, 1973","14 Jul, 1974","01 Feb, 2010"
FESSENHEIM-1,FRANCE,Permanent Shutdown,PWR,880,"01 Sep, 1971","06 Apr, 1977","01 Jan, 1978","22 Feb, 2020"
FESSENHEIM-2,FRANCE,Permanent Shutdown,PWR,880,"01 Feb, 1972","07 Oct, 1977","01 Apr, 1978","30 Jun, 2020"
BUGEY-2,FRANCE,Operational,PWR,910,"01 Nov, 1972","10 May, 1978","01 Mar, 1979",
BUGEY-3,FRANCE,Operational,PWR,910,"01 Sep, 1973","21 Sep, 1978","01 Mar, 1979",
BUGEY-4,FRANCE,Operational,PWR,880,"01 Jun, 1974","08 Mar, 1979","01 Jul, 1979",
BUGEY-5,FRANCE,Operational,PWR,880,"01 Jul, 1974","31 Jul, 1979","03 Jan, 1980",
ST. LAURENT B-1,FRANCE,Operational,PWR,915,"01 May, 1976","21 Jan, 1981","01 Aug, 1983",
TRICASTIN-1,FRANCE,Operational,PWR,915,"01 Nov, 1974","31 May, 1980","01 Dec, 1980",
TRICASTIN-2,FRANCE,Operational,PWR,915,"01 Dec, 1974","07 Aug, 1980","01 Dec, 1980",
G-2 (MARCOULE),FRANCE,Permanent Shutdown,GCR,39,"01 Mar, 1955","22 Apr, 1959","22 Apr, 1959","02 Feb, 1980"
CHINON A-1,FRANCE,Permanent Shutdown,GCR,70,"01 Feb, 1957","14 Jun, 1963","01 Feb, 1964","16 Apr, 1973"
GRAVELINES-1,FRANCE,Operational,PWR,910,"01 Feb, 1975","13 Mar, 1980","25 Nov, 1980",
GRAVELINES-2,FRANCE,Operational,PWR,910,"01 Mar, 1975","26 Aug, 1980","01 Dec, 1980",
DAMPIERRE-1,FRANCE,Operational,PWR,890,"01 Feb, 1975","23 Mar, 1980","10 Sep, 1980",
ST. LAURENT B-2,FRANCE,Operational,PWR,915,"01 Jul, 1976","01 Jun, 1981","01 Aug, 1983",
SUPER-PHENIX,FRANCE,Permanent Shutdown,FBR,1200,"13 Dec, 1976","14 Jan, 1986","01 Dec, 1986","31 Dec, 1998"
TRICASTIN-3,FRANCE,Operational,PWR,915,"01 Apr, 1975","10 Feb, 1981","11 May, 1981",
TRICASTIN-4,FRANCE,Operational,PWR,915,"01 May, 1975","12 Jun, 1981","01 Nov, 1981",
GRAVELINES-3,FRANCE,Operational,PWR,910,"01 Dec, 1975","12 Dec, 1980","01 Jun, 1981",
GRAVELINES-4,FRANCE,Operational,PWR,910,"01 Apr, 1976","14 Jun, 1981","01 Oct, 1981",
DAMPIERRE-2,FRANCE,Operational,PWR,890,"01 Apr, 1975","10 Dec, 1980","16 Feb, 1981",
CHINON A-2,FRANCE,Permanent Shutdown,GCR,180,"01 Aug, 1959","24 Feb, 1965","24 Feb, 1965","14 Jun, 1985"
DAMPIERRE-3,FRANCE,Operational,PWR,890,"01 Sep, 1975","30 Jan, 1981","27 May, 1981",
DAMPIERRE-4,FRANCE,Operational,PWR,890,"01 Dec, 1975","18 Aug, 1981","20 Nov, 1981",
BLAYAIS-1,FRANCE,Operational,PWR,910,"01 Jan, 1977","12 Jun, 1981","01 Dec, 1981",
BLAYAIS-2,FRANCE,Operational,PWR,910,"01 Jan, 1977","17 Jul, 1982","01 Feb, 1983",
BLAYAIS-3,FRANCE,Operational,PWR,910,"01 Apr, 1978","17 Aug, 1983","14 Nov, 1983",
BLAYAIS-4,FRANCE,Operational,PWR,910,"01 Apr, 1978","16 May, 1983","01 Oct, 1983",
PALUEL-1,FRANCE,Operational,PWR,1330,"15 Aug, 1977","22 Jun, 1984","01 Dec, 1985",
PALUEL-2,FRANCE,Operational,PWR,1330,"01 Jan, 1978","14 Sep, 1984","01 Dec, 1985",
PALUEL-3,FRANCE,Operational,PWR,1330,"01 Feb, 1979","30 Sep, 1985","01 Feb, 1986",
PALUEL-4,FRANCE,Operational,PWR,1330,"01 Feb, 1980","11 Apr, 1986","01 Jun, 1986",
CHINON A-3,FRANCE,Permanent Shutdown,GCR,360,"01 Mar, 1961","04 Aug, 1966","04 Aug, 1966","15 Jun, 1990"
CHINON B-1,FRANCE,Operational,PWR,905,"01 Mar, 1977","30 Nov, 1982","01 Feb, 1984",
CHINON B-2,FRANCE,Operational,PWR,905,"01 Mar, 1977","29 Nov, 1983","01 Aug, 1984",
CRUAS-1,FRANCE,Operational,PWR,915,"01 Aug, 1978","29 Apr, 1983","02 Apr, 1984",
CRUAS-2,FRANCE,Operational,PWR,915,"15 Nov, 1978","06 Sep, 1984","01 Apr, 1985",
CRUAS-3,FRANCE,Operational,PWR,915,"15 Apr, 1979","14 May, 1984","10 Sep, 1984",
CRUAS-4,FRANCE,Operational,PWR,915,"01 Oct, 1979","27 Oct, 1984","11 Feb, 1985",
FLAMANVILLE-1,FRANCE,Operational,PWR,1330,"01 Dec, 1979","04 Dec, 1985","01 Dec, 1986",
FLAMANVILLE-2,FRANCE,Operational,PWR,1330,"01 May, 1980","18 Jul, 1986","09 Mar, 1987",
ST. ALBAN-1,FRANCE,Operational,PWR,1335,"29 Jan, 1979","30 Aug, 1985","01 May, 1986",
ST. ALBAN-2,FRANCE,Operational,PWR,1335,"31 Jul, 1979","03 Jul, 1986","01 Mar, 1987",
CHOOZ-A (ARDENNES),FRANCE,Permanent Shutdown,PWR,305,"01 Jan, 1962","03 Apr, 1967","15 Apr, 1967","30 Oct, 1991"
CATTENOM-1,FRANCE,Operational,PWR,1300,"29 Oct, 1979","13 Nov, 1986","01 Apr, 1987",
GRAVELINES-5,FRANCE,Operational,PWR,910,"01 Oct, 1979","28 Aug, 1984","15 Jan, 1985",
GRAVELINES-6,FRANCE,Operational,PWR,910,"01 Oct, 1979","01 Aug, 1985","25 Oct, 1985",
CATTENOM-2,FRANCE,Operational,PWR,1300,"28 Jul, 1980","17 Sep, 1987","01 Feb, 1988",
BELLEVILLE-1,FRANCE,Operational,PWR,1310,"01 May, 1980","14 Oct, 1987","01 Jun, 1988",
BELLEVILLE-2,FRANCE,Operational,PWR,1310,"01 Aug, 1980","06 Jul, 1988","01 Jan, 1989",
CHINON B-3,FRANCE,Operational,PWR,905,"01 Oct, 1980","20 Oct, 1986","04 Mar, 1987",
CHINON B-4,FRANCE,Operational,PWR,905,"01 Feb, 1981","14 Nov, 1987","01 Apr, 1988",
NOGENT-1,FRANCE,Operational,PWR,1310,"26 May, 1981","21 Oct, 1987","24 Feb, 1988",
NOGENT-2,FRANCE,Operational,PWR,1310,"01 Jan, 1982","14 Dec, 1988","01 May, 1989",
EL-4 (MONTS D'ARREE),FRANCE,Permanent Shutdown,HWGCR,70,"01 Jul, 1962","09 Jul, 1967","01 Jun, 1968","31 Jul, 1985"
CATTENOM-3,FRANCE,Operational,PWR,1300,"15 Jun, 1982","06 Jul, 1990","01 Feb, 1991",
GOLFECH-1,FRANCE,Operational,PWR,1310,"17 Nov, 1982","07 Jun, 1990","01 Feb, 1991",
CHOOZ B-1,FRANCE,Operational,PWR,1500,"01 Jan, 1984","30 Aug, 1996","15 May, 2000",
PENLY-1,FRANCE,Operational,PWR,1330,"01 Sep, 1982","04 May, 1990","01 Dec, 1990",
PENLY-2,FRANCE,Operational,PWR,1330,"01 Aug, 1984","04 Feb, 1992","01 Nov, 1992",
CATTENOM-4,FRANCE,Operational,PWR,1300,"28 Sep, 1983","27 May, 1991","01 Jan, 1992",
GOLFECH-2,FRANCE,Operational,PWR,1310,"01 Oct, 1984","18 Jun, 1993","04 Mar, 1994",
ST. LAURENT A-1,FRANCE,Permanent Shutdown,GCR,390,"01 Oct, 1963","14 Mar, 1969","01 Jun, 1969","18 Apr, 1990"
CHOOZ B-2,FRANCE,Operational,PWR,1500,"31 Dec, 1985","10 Apr, 1997","29 Sep, 2000",
CIVAUX-1,FRANCE,Operational,PWR,1495,"15 Oct, 1988","24 Dec, 1997","29 Jan, 2002",
CIVAUX-2,FRANCE,Operational,PWR,1495,"01 Apr, 1991","24 Dec, 1999","23 Apr, 2002",
ST. LAURENT A-2,FRANCE,Permanent Shutdown,GCR,465,"01 Jan, 1966","09 Aug, 1971","01 Nov, 1971","27 May, 1992"
BUGEY-1,FRANCE,Permanent Shutdown,GCR,540,"01 Dec, 1965","15 Apr, 1972","01 Jul, 1972","27 May, 1994"
CALDER HALL-1,UNITED KINGDOM,Permanent Shutdown,GCR,49,"01 Aug, 1953","27 Aug, 1956","01 Oct, 1956","31 Mar, 2003"
CALDER HALL-2,UNITED KINGDOM,Permanent Shutdown,GCR,49,"01 Aug, 1953","01 Feb, 1957","01 Feb, 1957","31 Mar, 2003"
CALDER HALL-3,UNITED KINGDOM,Permanent Shutdown,GCR,49,"01 Aug, 1955","01 Mar, 1958","01 May, 1958","31 Mar, 2003"
CALDER HALL-4,UNITED KINGDOM,Permanent Shutdown,GCR,49,"01 Aug, 1955","01 Apr, 1959","01 Apr, 1959","31 Mar, 2003"
SIZEWELL A-1,UNITED KINGDOM,Permanent Shutdown,GCR,210,"01 Apr, 1961","21 Jan, 1966","25 Mar, 1966","31 Dec, 2006"
SIZEWELL A-2,UNITED KINGDOM,Permanent Shutdown,GCR,210,"01 Apr, 1961","09 Apr, 1966","15 Sep, 1966","31 Dec, 2006"
OLDBURY A-1,UNITED KINGDOM,Permanent Shutdown,GCR,217,"01 May, 1962","07 Nov, 1967","31 Dec, 1967","29 Feb, 2012"
OLDBURY A-2,UNITED KINGDOM,Permanent Shutdown,GCR,217,"01 May, 1962","06 Apr, 1968","30 Sep, 1968","30 Jun, 2011"
WINFRITH SGHWR,UNITED KINGDOM,Permanent Shutdown,SGHWR,92,"01 May, 1963","01 Dec, 1967","01 Jan, 1968","11 Sep, 1990"
WYLFA-1,UNITED KINGDOM,Permanent Shutdown,GCR,490,"01 Sep, 1963","24 Jan, 1971","01 Nov, 1971","30 Dec, 2015"
WYLFA-2,UNITED KINGDOM,Permanent Shutdown,GCR,490,"01 Sep, 1963","21 Jul, 1971","03 Jan, 1972","25 Apr, 2012"
DOUNREAY DFR,UNITED KINGDOM,Permanent Shutdown,FBR,11,"01 Mar, 1955","01 Oct, 1962","01 Oct, 1962","01 Mar, 1977"
DOUNREAY PFR,UNITED KINGDOM,Permanent Shutdown,FBR,234,"01 Jan, 1966","10 Jan, 1975","01 Jul, 1976","31 Mar, 1994"
HINKLEY POINT B-1,UNITED KINGDOM,Permanent Shutdown,GCR,485,"01 Sep, 1967","30 Oct, 1976","02 Oct, 1978","01 Aug, 2022"
HINKLEY POINT B-2,UNITED KINGDOM,Permanent Shutdown,GCR,480,"01 Sep, 1967","05 Feb, 1976","27 Sep, 1976","06 Jul, 2022"
HUNTERSTON B-1,UNITED KINGDOM,Permanent Shutdown,GCR,490,"01 Nov, 1967","06 Feb, 1976","07 Feb, 1976","26 Nov, 2021"
HUNTERSTON B-2,UNITED KINGDOM,Permanent Shutdown,GCR,495,"01 Nov, 1967","31 Mar, 1977","01 Apr, 1977","07 Jan, 2022"
DUNGENESS B-1,UNITED KINGDOM,Permanent Shutdown,GCR,545,"01 Oct, 1965","03 Apr, 1983","01 Apr, 1985","07 Jun, 2021"
DUNGENESS B-2,UNITED KINGDOM,Permanent Shutdown,GCR,545,"01 Oct, 1965","29 Dec, 1985","01 Apr, 1989","07 Jun, 2021"
HARTLEPOOL A-1,UNITED KINGDOM,Operational,GCR,590,"01 Oct, 1968","01 Aug, 1983","01 Apr, 1989",
HARTLEPOOL A-2,UNITED KINGDOM,Operational,GCR,595,"01 Oct, 1968","31 Oct, 1984","01 Apr, 1989",
CHAPELCROSS-1,UNITED KINGDOM,Permanent Shutdown,GCR,48,"01 Oct, 1955","01 Feb, 1959","01 Mar, 1959","29 Jun, 2004"
CHAPELCROSS-2,UNITED KINGDOM,Permanent Shutdown,GCR,48,"01 Oct, 1955","01 Jul, 1959","01 Aug, 1959","29 Jun, 2004"
CHAPELCROSS-3,UNITED KINGDOM,Permanent Shutdown,GCR,48,"01 Oct, 1955","01 Nov, 1959","01 Dec, 1959","29 Jun, 2004"
CHAPELCROSS-4,UNITED KINGDOM,Permanent Shutdown,GCR,48,"01 Oct, 1955","01 Jan, 1960","01 Mar, 1960","29 Jun, 2004"
HEYSHAM A-1,UNITED KINGDOM,Operational,GCR,485,"01 Dec, 1970","09 Jul, 1983","01 Apr, 1989",
HEYSHAM A-2,UNITED KINGDOM,Operational,GCR,575,"01 Dec, 1970","11 Oct, 1984","01 Apr, 1989",
HEYSHAM B-1,UNITED KINGDOM,Operational,GCR,620,"01 Aug, 1980","12 Jul, 1988","01 Apr, 1989",
HEYSHAM B-2,UNITED KINGDOM,Operational,GCR,620,"01 Aug, 1980","11 Nov, 1988","01 Apr, 1989",
TORNESS-1,UNITED KINGDOM,Operational,GCR,595,"01 Aug, 1980","25 May, 1988","25 May, 1988",
TORNESS-2,UNITED KINGDOM,Operational,GCR,605,"01 Aug, 1980","03 Feb, 1989","03 Feb, 1989",
SIZEWELL B,UNITED KINGDOM,Operational,PWR,1198,"18 Jul, 1988","14 Feb, 1995","22 Sep, 1995",
BERKELEY-1,UNITED KINGDOM,Permanent Shutdown,GCR,138,"01 Jan, 1957","12 Jun, 1962","12 Jun, 1962","31 Mar, 1989"
BERKELEY-2,UNITED KINGDOM,Permanent Shutdown,GCR,138,"01 Jan, 1957","24 Jun, 1962","20 Oct, 1962","26 Oct, 1988"
BRADWELL-1,UNITED KINGDOM,Permanent Shutdown,GCR,123,"01 Jan, 1957","01 Jul, 1962","01 Jul, 1962","31 Mar, 2002"
BRADWELL-2,UNITED KINGDOM,Permanent Shutdown,GCR,123,"01 Jan, 1957","06 Jul, 1962","12 Nov, 1962","30 Mar, 2002"
WINDSCALE AGR,UNITED KINGDOM,Permanent Shutdown,GCR,24,"01 Nov, 1958","01 Feb, 1963","01 Mar, 1963","03 Apr, 1981"
HUNTERSTON A-1,UNITED KINGDOM,Permanent Shutdown,GCR,150,"01 Oct, 1957","05 Feb, 1964","05 Feb, 1964","30 Mar, 1990"
HUNTERSTON A-2,UNITED KINGDOM,Permanent Shutdown,GCR,150,"01 Oct, 1957","01 Jun, 1964","01 Jul, 1964","31 Dec, 1989"
HINKLEY POINT A-1,UNITED KINGDOM,Permanent Shutdown,GCR,235,"01 Nov, 1957","16 Feb, 1965","30 Mar, 1965","23 May, 2000"
HINKLEY POINT A-2,UNITED KINGDOM,Permanent Shutdown,GCR,235,"01 Nov, 1957","19 Mar, 1965","05 May, 1965","23 May, 2000"
TRAWSFYNYDD-1,UNITED KINGDOM,Permanent Shutdown,GCR,195,"01 Jul, 1959","14 Jan, 1965","24 Mar, 1965","06 Feb, 1991"
TRAWSFYNYDD-2,UNITED KINGDOM,Permanent Shutdown,GCR,195,"01 Jul, 1959","02 Feb, 1965","24 Mar, 1965","04 Feb, 1991"
DUNGENESS A-1,UNITED KINGDOM,Permanent Shutdown,GCR,225,"01 Jul, 1960","21 Sep, 1965","28 Oct, 1965","31 Dec, 2006"
DUNGENESS A-2,UNITED KINGDOM,Permanent Shutdown,GCR,225,"01 Jul, 1960","01 Nov, 1965","30 Dec, 1965","31 Dec, 2006"
PAKS-1,HUNGARY,Operational,PWR,479,"01 Aug, 1974","28 Dec, 1982","10 Aug, 1983",
PAKS-2,HUNGARY,Operational,PWR,479,"01 Aug, 1974","06 Sep, 1984","14 Nov, 1984",
PAKS-3,HUNGARY,Operational,PWR,479,"01 Oct, 1979","28 Sep, 1986","01 Dec, 1986",
PAKS-4,HUNGARY,Operational,PWR,479,"01 Oct, 1979","16 Aug, 1987","01 Nov, 1987",
TARAPUR-1,INDIA,Suspended Operation,BWR,150,"01 Oct, 1964","01 Apr, 1969","28 Oct, 1969",
KAKRAPAR-2,INDIA,Operational,PHWR,202,"01 Apr, 1985","04 Mar, 1995","01 Sep, 1995",
RAJASTHAN-3,INDIA,Operational,PHWR,202,"01 Feb, 1990","10 Mar, 2000","01 Jun, 2000",
RAJASTHAN-4,INDIA,Operational,PHWR,202,"01 Oct, 1990","17 Nov, 2000","23 Dec, 2000",
KAIGA-1,INDIA,Operational,PHWR,202,"01 Sep, 1989","12 Oct, 2000","16 Nov, 2000",
KAIGA-2,INDIA,Operational,PHWR,202,"01 Dec, 1989","02 Dec, 1999","16 Mar, 2000",
KAIGA-3,INDIA,Operational,PHWR,202,"30 Mar, 2002","11 Apr, 2007","06 May, 2007",
KAIGA-4,INDIA,Operational,PHWR,202,"10 May, 2002","19 Jan, 2011","20 Jan, 2011",
RAJASTHAN-5,INDIA,Operational,PHWR,202,"18 Sep, 2002","22 Dec, 2009","04 Feb, 2010",
TARAPUR-2,INDIA,Suspended Operation,BWR,150,"01 Oct, 1964","05 May, 1969","28 Oct, 1969",
RAJASTHAN-6,INDIA,Operational,PHWR,202,"20 Jan, 2003","28 Mar, 2010","31 Mar, 2010",
RAJASTHAN-7,INDIA,Under Construction,PHWR,630,"18 Jul, 2011",N/A,N/A,
RAJASTHAN-8,INDIA,Under Construction,PHWR,630,"30 Sep, 2011",N/A,N/A,
TARAPUR-3,INDIA,Operational,PHWR,490,"12 May, 2000","15 Jun, 2006","18 Aug, 2006",
TARAPUR-4,INDIA,Operational,PHWR,490,"08 Mar, 2000","04 Jun, 2005","12 Sep, 2005",
RAJASTHAN-1,INDIA,Suspended Operation,PHWR,134,"01 Aug, 1965","30 Nov, 1972","16 Dec, 1973",
RAJASTHAN-2,INDIA,Operational,PHWR,187,"01 Apr, 1968","01 Nov, 1980","01 Apr, 1981",
MADRAS-1,INDIA,Suspended Operation,PHWR,205,"01 Jan, 1971","23 Jul, 1983","27 Jan, 1984",
MADRAS-2,INDIA,Operational,PHWR,205,"01 Oct, 1972","20 Sep, 1985","21 Mar, 1986",
NARORA-1,INDIA,Operational,PHWR,202,"01 Dec, 1976","29 Jul, 1989","01 Jan, 1991",
NARORA-2,INDIA,Operational,PHWR,202,"01 Nov, 1977","05 Jan, 1992","01 Jul, 1992",
KAKRAPAR-1,INDIA,Operational,PHWR,202,"01 Dec, 1984","24 Nov, 1992","06 May, 1993",
BUSHEHR-1,"IRAN, ISLAMIC REPUBLIC OF",Operational,PWR,915,"01 May, 1975","03 Sep, 2011","23 Sep, 2013",
BUSHEHR-2,"IRAN, ISLAMIC REPUBLIC OF",Under Construction,PWR,974,"27 Sep, 2019",N/A,N/A,
LATINA,ITALY,Permanent Shutdown,GCR,153,"01 Nov, 1958","12 May, 1963","01 Jan, 1964","01 Dec, 1987"
GARIGLIANO,ITALY,Permanent Shutdown,BWR,150,"01 Nov, 1959","01 Jan, 1964","01 Jun, 1964","01 Mar, 1982"
ENRICO FERMI,ITALY,Permanent Shutdown,PWR,260,"01 Jul, 1961","22 Oct, 1964","01 Jan, 1965","01 Jul, 1990"
CAORSO,ITALY,Permanent Shutdown,BWR,860,"01 Jan, 1970","23 May, 1978","01 Dec, 1981","01 Jul, 1990"
JPDR,JAPAN,Permanent Shutdown,BWR,12,"01 Dec, 1960","26 Oct, 1963","15 Mar, 1965","18 Mar, 1976"
FUKUSHIMA-DAIICHI-3,JAPAN,Permanent Shutdown,BWR,760,"28 Dec, 1970","26 Oct, 1974","27 Mar, 1976","19 May, 2011"
HAMAOKA-1,JAPAN,Permanent Shutdown,BWR,516,"10 Jun, 1971","13 Aug, 1974","17 Mar, 1976","30 Jan, 2009"
GENKAI-1,JAPAN,Permanent Shutdown,PWR,529,"15 Sep, 1971","14 Feb, 1975","15 Oct, 1975","27 Apr, 2015"
TAKAHAMA-2,JAPAN,Operational,PWR,780,"09 Mar, 1971","17 Jan, 1975","14 Nov, 1975",
MIHAMA-3,JAPAN,Operational,PWR,780,"07 Aug, 1972","19 Feb, 1976","01 Dec, 1976",
OHI-1,JAPAN,Permanent Shutdown,PWR,1120,"26 Oct, 1972","23 Dec, 1977","27 Mar, 1979","01 Mar, 2018"
FUKUSHIMA-DAIICHI-4,JAPAN,Permanent Shutdown,BWR,760,"12 Feb, 1973","24 Feb, 1978","12 Oct, 1978","19 May, 2011"
FUKUSHIMA-DAIICHI-5,JAPAN,Permanent Shutdown,BWR,760,"22 May, 1972","22 Sep, 1977","18 Apr, 1978","17 Dec, 2013"
FUKUSHIMA-DAIICHI-6,JAPAN,Permanent Shutdown,BWR,1067,"26 Oct, 1973","04 May, 1979","24 Oct, 1979","17 Dec, 2013"
OHI-2,JAPAN,Permanent Shutdown,PWR,1120,"08 Dec, 1972","11 Oct, 1978","05 Dec, 1979","01 Mar, 2018"
TOKAI-1,JAPAN,Permanent Shutdown,GCR,137,"01 Mar, 1961","10 Nov, 1965","25 Jul, 1966","31 Mar, 1998"
FUGEN ATR,JAPAN,Permanent Shutdown,HWLWR,148,"10 May, 1972","29 Jul, 1978","20 Mar, 1979","29 Mar, 2003"
TOKAI-2,JAPAN,Suspended Operation,BWR,1060,"03 Oct, 1973","13 Mar, 1978","28 Nov, 1978",
ONAGAWA-1,JAPAN,Permanent Shutdown,BWR,498,"08 Jul, 1980","18 Nov, 1983","01 Jun, 1984","21 Dec, 2018"
IKATA-1,JAPAN,Permanent Shutdown,PWR,538,"01 Sep, 1973","17 Feb, 1977","30 Sep, 1977","10 May, 2016"
HAMAOKA-2,JAPAN,Permanent Shutdown,BWR,814,"14 Jun, 1974","04 May, 1978","29 Nov, 1978","30 Jan, 2009"
FUKUSHIMA-DAINI-1,JAPAN,Permanent Shutdown,BWR,1067,"16 Mar, 1976","31 Jul, 1981","20 Apr, 1982","30 Sep, 2019"
FUKUSHIMA-DAINI-2,JAPAN,Permanent Shutdown,BWR,1067,"25 May, 1979","23 Jun, 1983","03 Feb, 1984","30 Sep, 2019"
GENKAI-2,JAPAN,Permanent Shutdown,PWR,529,"01 Feb, 1977","03 Jun, 1980","30 Mar, 1981","09 Apr, 2019"
SENDAI-1,JAPAN,Operational,PWR,846,"15 Dec, 1979","16 Sep, 1983","04 Jul, 1984",
TAKAHAMA-3,JAPAN,Operational,PWR,830,"12 Dec, 1980","09 May, 1984","17 Jan, 1985",
TSURUGA-1,JAPAN,Permanent Shutdown,BWR,340,"24 Nov, 1966","16 Nov, 1969","14 Mar, 1970","27 Apr, 2015"
TAKAHAMA-4,JAPAN,Operational,PWR,830,"19 Mar, 1981","01 Nov, 1984","05 Jun, 1985",
MONJU,JAPAN,Permanent Shutdown,FBR,246,"10 May, 1986","29 Aug, 1995",N/A,"05 Dec, 2017"
IKATA-2,JAPAN,Permanent Shutdown,PWR,538,"01 Aug, 1978","19 Aug, 1981","19 Mar, 1982","23 May, 2018"
KASHIWAZAKI KARIWA-1,JAPAN,Suspended Operation,BWR,1067,"05 Jun, 1980","13 Feb, 1985","18 Sep, 1985",
TSURUGA-2,JAPAN,Suspended Operation,PWR,1108,"06 Nov, 1982","19 Jun, 1986","17 Feb, 1987",
FUKUSHIMA-DAINI-3,JAPAN,Permanent Shutdown,BWR,1067,"23 Mar, 1981","14 Dec, 1984","21 Jun, 1985","30 Sep, 2019"
HAMAOKA-3,JAPAN,Suspended Operation,BWR,1056,"18 Apr, 1983","20 Jan, 1987","28 Aug, 1987",
SENDAI-2,JAPAN,Operational,PWR,846,"12 Oct, 1981","05 Apr, 1985","28 Nov, 1985",
FUKUSHIMA-DAINI-4,JAPAN,Permanent Shutdown,BWR,1067,"28 May, 1981","17 Dec, 1986","25 Aug, 1987","30 Sep, 2019"
KASHIWAZAKI KARIWA-2,JAPAN,Suspended Operation,BWR,1067,"18 Nov, 1985","08 Feb, 1990","28 Sep, 1990",
MIHAMA-1,JAPAN,Permanent Shutdown,PWR,320,"01 Feb, 1967","08 Aug, 1970","28 Nov, 1970","27 Apr, 2015"
KASHIWAZAKI KARIWA-5,JAPAN,Suspended Operation,BWR,1067,"20 Jun, 1985","12 Sep, 1989","10 Apr, 1990",
SHIMANE-2,JAPAN,Suspended Operation,BWR,789,"02 Feb, 1985","11 Jul, 1988","10 Feb, 1989",
TOMARI-1,JAPAN,Suspended Operation,PWR,550,"18 Apr, 1985","06 Dec, 1988","22 Jun, 1989",
TOMARI-2,JAPAN,Suspended Operation,PWR,550,"13 Jun, 1985","27 Aug, 1990","12 Apr, 1991",
GENKAI-3,JAPAN,Operational,PWR,1127,"01 Jun, 1988","15 Jun, 1993","18 Mar, 1994",
GENKAI-4,JAPAN,Operational,PWR,1127,"15 Jul, 1992","12 Nov, 1996","25 Jul, 1997",
IKATA-3,JAPAN,Operational,PWR,846,"01 Oct, 1990","29 Mar, 1994","15 Dec, 1994",
SHIKA-1,JAPAN,Suspended Operation,BWR,505,"01 Jul, 1989","12 Jan, 1993","30 Jul, 1993",
HAMAOKA-4,JAPAN,Suspended Operation,BWR,1092,"13 Oct, 1989","27 Jan, 1993","03 Sep, 1993",
FUKUSHIMA-DAIICHI-1,JAPAN,Permanent Shutdown,BWR,439,"25 Jul, 1967","17 Nov, 1970","26 Mar, 1971","19 May, 2011"
OHI-3,JAPAN,Operational,PWR,1127,"03 Oct, 1987","07 Jun, 1991","18 Dec, 1991",
OHI-4,JAPAN,Operational,PWR,1127,"13 Jun, 1988","19 Jun, 1992","02 Feb, 1993",
KASHIWAZAKI KARIWA-3,JAPAN,Suspended Operation,BWR,1067,"07 Mar, 1989","08 Dec, 1992","11 Aug, 1993",
KASHIWAZAKI KARIWA-4,JAPAN,Suspended Operation,BWR,1067,"05 Mar, 1990","21 Dec, 1993","11 Aug, 1994",
ONAGAWA-2,JAPAN,Suspended Operation,BWR,796,"12 Apr, 1991","23 Dec, 1994","28 Jul, 1995",
KASHIWAZAKI KARIWA-6,JAPAN,Suspended Operation,BWR,1315,"03 Nov, 1992","29 Jan, 1996","07 Nov, 1996",
KASHIWAZAKI KARIWA-7,JAPAN,Suspended Operation,BWR,1315,"01 Jul, 1993","17 Dec, 1996","02 Jul, 1997",
ONAGAWA-3,JAPAN,Suspended Operation,BWR,796,"23 Jan, 1998","30 May, 2001","30 Jan, 2002",
MIHAMA-2,JAPAN,Permanent Shutdown,PWR,470,"29 May, 1968","21 Apr, 1972","25 Jul, 1972","27 Apr, 2015"
SHIMANE-1,JAPAN,Permanent Shutdown,BWR,439,"02 Jul, 1970","02 Dec, 1973","29 Mar, 1974","30 Apr, 2015"
TAKAHAMA-1,JAPAN,Operational,PWR,780,"25 Apr, 1970","27 Mar, 1974","14 Nov, 1974",
FUKUSHIMA-DAIICHI-2,JAPAN,Permanent Shutdown,BWR,760,"09 Jun, 1969","24 Dec, 1973","18 Jul, 1974","19 May, 2011"
KORI-1,"KOREA, REPUBLIC OF",Permanent Shutdown,PWR,576,"01 Aug, 1972","26 Jun, 1977","29 Apr, 1978","18 Jun, 2017"
HANUL-2,"KOREA, REPUBLIC OF",Operational,PWR,967,"05 Jul, 1983","14 Apr, 1989","30 Sep, 1989",
HANBIT-3,"KOREA, REPUBLIC OF",Operational,PWR,986,"23 Dec, 1989","30 Oct, 1994","31 Mar, 1995",
HANBIT-4,"KOREA, REPUBLIC OF",Operational,PWR,970,"26 May, 1990","18 Jul, 1995","01 Jan, 1996",
HANUL-3,"KOREA, REPUBLIC OF",Operational,PWR,997,"21 Jul, 1993","06 Jan, 1998","11 Aug, 1998",
HANUL-4,"KOREA, REPUBLIC OF",Operational,PWR,999,"01 Nov, 1993","28 Dec, 1998","31 Dec, 1999",
WOLSONG-3,"KOREA, REPUBLIC OF",Operational,PHWR,601,"17 Mar, 1994","25 Mar, 1998","01 Jul, 1998",
WOLSONG-4,"KOREA, REPUBLIC OF",Operational,PHWR,567,"22 Jul, 1994","21 May, 1999","01 Oct, 1999",
HANBIT-5,"KOREA, REPUBLIC OF",Operational,PWR,992,"29 Jun, 1997","19 Dec, 2001","21 May, 2002",
HANBIT-6,"KOREA, REPUBLIC OF",Operational,PWR,993,"20 Nov, 1997","16 Sep, 2002","24 Dec, 2002",
HANUL-5,"KOREA, REPUBLIC OF",Operational,PWR,998,"01 Oct, 1999","18 Dec, 2003","29 Jul, 2004",
KORI-2,"KOREA, REPUBLIC OF",Operational,PWR,640,"23 Dec, 1977","22 Apr, 1983","25 Jul, 1983",
HANUL-6,"KOREA, REPUBLIC OF",Operational,PWR,997,"29 Sep, 2000","07 Jan, 2005","22 Apr, 2005",
WOLSONG-1,"KOREA, REPUBLIC OF",Permanent Shutdown,PHWR,661,"30 Oct, 1977","31 Dec, 1982","22 Apr, 1983","24 Dec, 2019"
WOLSONG-2,"KOREA, REPUBLIC OF",Operational,PHWR,576,"25 Sep, 1992","01 Apr, 1997","01 Jul, 1997",
KORI-3,"KOREA, REPUBLIC OF",Operational,PWR,1011,"01 Oct, 1979","22 Jan, 1985","30 Sep, 1985",
KORI-4,"KOREA, REPUBLIC OF",Operational,PWR,1012,"01 Apr, 1980","31 Dec, 1985","29 Apr, 1986",
HANBIT-1,"KOREA, REPUBLIC OF",Operational,PWR,995,"04 Jun, 1981","05 Mar, 1986","25 Aug, 1986",
HANBIT-2,"KOREA, REPUBLIC OF",Operational,PWR,988,"01 Dec, 1981","11 Nov, 1986","10 Jun, 1987",
HANUL-1,"KOREA, REPUBLIC OF",Operational,PWR,966,"26 Jan, 1983","07 Apr, 1988","10 Sep, 1988",
AKTAU,KAZAKHSTAN,Permanent Shutdown,FBR,52,"01 Oct, 1964","16 Jul, 1973","16 Jul, 1973","22 Apr, 1999"
IGNALINA-1,LITHUANIA,Permanent Shutdown,LWGR,1185,"01 May, 1977","31 Dec, 1983","01 May, 1985","31 Dec, 2004"
IGNALINA-2,LITHUANIA,Permanent Shutdown,LWGR,1185,"01 Jan, 1978","20 Aug, 1987","01 Dec, 1987","31 Dec, 2009"
LAGUNA VERDE-1,MEXICO,Operational,BWR,777,"27 Sep, 1976","09 Apr, 1989","25 Jul, 1990",
LAGUNA VERDE-2,MEXICO,Operational,BWR,775,"01 Jun, 1977","11 Nov, 1994","10 Apr, 1995",
DODEWAARD,"NETHERLANDS, KINGDOM OF THE",Permanent Shutdown,BWR,55,"01 May, 1965","18 Oct, 1968","26 Mar, 1969","26 Mar, 1997"
BORSSELE,"NETHERLANDS, KINGDOM OF THE",Operational,PWR,482,"01 Jul, 1969","04 Jul, 1973","26 Oct, 1973",
KANUPP-1,PAKISTAN,Permanent Shutdown,PHWR,90,"01 Aug, 1966","18 Oct, 1971","07 Dec, 1972","01 Aug, 2021"
CHASNUPP-1,PAKISTAN,Operational,PWR,300,"01 Aug, 1993","13 Jun, 2000","15 Sep, 2000",
CHASNUPP-2,PAKISTAN,Operational,PWR,300,"28 Dec, 2005","14 Mar, 2011","18 May, 2011",
CERNAVODA-1,ROMANIA,Operational,PHWR,650,"31 Mar, 1983","11 Jul, 1996","02 Dec, 1996",
CERNAVODA-2,ROMANIA,Operational,PHWR,650,"01 Jul, 1983","07 Aug, 2007","01 Nov, 2007",
APS-1 OBNINSK,RUSSIA,Permanent Shutdown,LWGR,5,"01 Jan, 1951","27 Jun, 1954","01 Dec, 1954","29 Apr, 2002"
NOVOVORONEZH-4,RUSSIA,Operational,PWR,385,"01 Jul, 1967","28 Dec, 1972","24 Mar, 1973",
BELOYARSK-4,RUSSIA,Operational,FBR,820,"18 Jul, 2006","10 Dec, 2015","31 Oct, 2016",
KOLA-1,RUSSIA,Operational,PWR,411,"01 May, 1970","29 Jun, 1973","28 Dec, 1973",
KOLA-2,RUSSIA,Operational,PWR,411,"01 May, 1970","09 Dec, 1974","21 Feb, 1975",
BILIBINO-1,RUSSIA,Permanent Shutdown,LWGR,11,"01 Jan, 1970","12 Jan, 1974","01 Apr, 1974","14 Jan, 2019"
BILIBINO-2,RUSSIA,Operational,LWGR,11,"01 Jan, 1970","30 Dec, 1974","01 Feb, 1975",
BILIBINO-3,RUSSIA,Operational,LWGR,11,"01 Jan, 1970","22 Dec, 1975","01 Feb, 1976",
BILIBINO-4,RUSSIA,Operational,LWGR,11,"01 Jan, 1970","27 Dec, 1976","01 Jan, 1977",
LENINGRAD-1,RUSSIA,Permanent Shutdown,LWGR,925,"01 Mar, 1970","21 Dec, 1973","01 Nov, 1974","22 Dec, 2018"
LENINGRAD-2,RUSSIA,Permanent Shutdown,LWGR,925,"01 Jun, 1970","11 Jul, 1975","11 Feb, 1976","10 Nov, 2020"
KURSK-1,RUSSIA,Permanent Shutdown,LWGR,925,"01 Jun, 1972","19 Dec, 1976","12 Oct, 1977","19 Dec, 2021"
NOVOVORONEZH-5,RUSSIA,Operational,PWR,950,"01 Mar, 1974","31 May, 1980","20 Feb, 1981",
BELOYARSK-3,RUSSIA,Operational,FBR,560,"01 Jan, 1969","08 Apr, 1980","01 Nov, 1981",
KURSK-2,RUSSIA,Permanent Shutdown,LWGR,925,"01 Jan, 1973","28 Jan, 1979","17 Aug, 1979","31 Jan, 2024"
SMOLENSK-1,RUSSIA,Operational,LWGR,925,"01 Oct, 1975","09 Dec, 1982","30 Sep, 1983",
SMOLENSK-2,RUSSIA,Operational,LWGR,925,"01 Jun, 1976","31 May, 1985","02 Jul, 1985",
BELOYARSK-1,RUSSIA,Permanent Shutdown,LWGR,102,"01 Jun, 1958","26 Apr, 1964","26 Apr, 1964","01 Jan, 1983"
KALININ-1,RUSSIA,Operational,PWR,950,"01 Feb, 1977","09 May, 1984","12 Jun, 1985",
KALININ-2,RUSSIA,Operational,PWR,950,"01 Feb, 1982","03 Dec, 1986","03 Mar, 1987",
KOLA-3,RUSSIA,Operational,PWR,411,"01 Apr, 1977","24 Mar, 1981","03 Dec, 1982",
KOLA-4,RUSSIA,Operational,PWR,411,"01 Aug, 1976","11 Oct, 1984","06 Dec, 1984",
LENINGRAD-3,RUSSIA,Operational,LWGR,925,"01 Dec, 1973","07 Dec, 1979","29 Jun, 1980",
LENINGRAD-4,RUSSIA,Operational,LWGR,925,"01 Feb, 1975","09 Feb, 1981","29 Aug, 1981",
KALININ-3,RUSSIA,Operational,PWR,950,"01 Oct, 1985","16 Dec, 2004","08 Nov, 2005",
KALININ-4,RUSSIA,Operational,PWR,950,"01 Aug, 1986","24 Nov, 2011","25 Dec, 2012",
KURSK-3,RUSSIA,Operational,LWGR,925,"01 Apr, 1978","17 Oct, 1983","30 Mar, 1984",
KURSK-4,RUSSIA,Operational,LWGR,925,"01 May, 1981","02 Dec, 1985","05 Feb, 1986",
NOVOVORONEZH-1,RUSSIA,Permanent Shutdown,PWR,197,"01 Jul, 1957","30 Sep, 1964","31 Dec, 1964","16 Feb, 1988"
ROSTOV-1,RUSSIA,Operational,PWR,989,"01 Sep, 1981","30 Mar, 2001","25 Dec, 2001",
BELOYARSK-2,RUSSIA,Permanent Shutdown,LWGR,146,"01 Jan, 1962","29 Dec, 1967","01 Dec, 1969","01 Jan, 1990"
ROSTOV-2,RUSSIA,Operational,PWR,950,"01 May, 1983","18 Mar, 2010","10 Dec, 2010",
ROSTOV-3,RUSSIA,Operational,PWR,950,"15 Sep, 2009","27 Dec, 2014","17 Sep, 2015",
ROSTOV-4,RUSSIA,Operational,PWR,979,"16 Jun, 2010","02 Feb, 2018","28 Sep, 2018",
SMOLENSK-3,RUSSIA,Operational,LWGR,925,"01 May, 1984","17 Jan, 1990","12 Oct, 1990",
NOVOVORONEZH-2,RUSSIA,Permanent Shutdown,PWR,336,"01 Jun, 1964","27 Dec, 1969","14 Apr, 1970","29 Aug, 1990"
NOVOVORONEZH-3,RUSSIA,Permanent Shutdown,PWR,385,"01 Jul, 1967","27 Dec, 1971","29 Jun, 1972","25 Dec, 2016"
BALAKOVO-1,RUSSIA,Operational,PWR,950,"01 Dec, 1980","28 Dec, 1985","23 May, 1986",
BALAKOVO-2,RUSSIA,Operational,PWR,950,"01 Aug, 1981","08 Oct, 1987","18 Jan, 1988",
BALAKOVO-3,RUSSIA,Operational,PWR,950,"01 Nov, 1982","25 Dec, 1988","08 Apr, 1989",
BALAKOVO-4,RUSSIA,Operational,PWR,950,"01 Apr, 1984","11 Apr, 1993","22 Dec, 1993",
AGESTA,SWEDEN,Permanent Shutdown,PHWR,10,"01 Dec, 1957","01 May, 1964","01 May, 1964","02 Jun, 1974"
RINGHALS-4,SWEDEN,Operational,PWR,1130,"01 Nov, 1973","23 Jun, 1982","21 Nov, 1983",
FORSMARK-2,SWEDEN,Operational,BWR,1121,"01 Jan, 1975","26 Jan, 1981","07 Jul, 1981",
OSKARSHAMN-3,SWEDEN,Operational,BWR,1400,"01 May, 1980","03 Mar, 1985","15 Aug, 1985",
FORSMARK-3,SWEDEN,Operational,BWR,1172,"01 Jan, 1979","05 Mar, 1985","18 Aug, 1985",
OSKARSHAMN-1,SWEDEN,Permanent Shutdown,BWR,473,"01 Aug, 1966","19 Aug, 1971","06 Feb, 1972","19 Jun, 2017"
OSKARSHAMN-2,SWEDEN,Permanent Shutdown,BWR,638,"01 Sep, 1969","02 Oct, 1974","01 Jan, 1975","22 Dec, 2016"
RINGHALS-1,SWEDEN,Permanent Shutdown,BWR,881,"01 Feb, 1969","14 Oct, 1974","01 Jan, 1976","31 Dec, 2020"
RINGHALS-2,SWEDEN,Permanent Shutdown,PWR,852,"01 Oct, 1970","17 Aug, 1974","01 May, 1975","31 Dec, 2019"
BARSEBACK-1,SWEDEN,Permanent Shutdown,BWR,600,"01 Feb, 1971","15 May, 1975","01 Jul, 1975","30 Nov, 1999"
RINGHALS-3,SWEDEN,Operational,PWR,1081,"01 Sep, 1972","07 Sep, 1980","09 Sep, 1981",
BARSEBACK-2,SWEDEN,Permanent Shutdown,BWR,600,"01 Jan, 1973","21 Mar, 1977","01 Jul, 1977","31 May, 2005"
FORSMARK-1,SWEDEN,Operational,BWR,1040,"01 Jun, 1973","06 Jun, 1980","10 Dec, 1980",
KRSKO,SLOVENIA,Operational,PWR,688,"30 Mar, 1975","02 Oct, 1981","01 Jan, 1983",
BOHUNICE A1,SLOVAKIA,Permanent Shutdown,HWGCR,93,"01 Aug, 1958","25 Dec, 1972","25 Dec, 1972","22 Feb, 1977"
MOCHOVCE-3,SLOVAKIA,Operational,PWR,440,"27 Jan, 1987","31 Jan, 2023",N/A,
MOCHOVCE-4,SLOVAKIA,Under Construction,PWR,440,"27 Jan, 1987",N/A,N/A,
BOHUNICE-3,SLOVAKIA,Operational,PWR,466,"01 Dec, 1976","20 Aug, 1984","14 Feb, 1985",
BOHUNICE-4,SLOVAKIA,Operational,PWR,466,"01 Dec, 1976","09 Aug, 1985","18 Dec, 1985",
BOHUNICE-1,SLOVAKIA,Permanent Shutdown,PWR,408,"24 Apr, 1972","17 Dec, 1978","01 Apr, 1980","31 Dec, 2006"
BOHUNICE-2,SLOVAKIA,Permanent Shutdown,PWR,408,"24 Apr, 1972","26 Mar, 1980","01 Jan, 1981","31 Dec, 2008"
MOCHOVCE-1,SLOVAKIA,Operational,PWR,467,"13 Oct, 1983","04 Jul, 1998","29 Oct, 1998",
MOCHOVCE-2,SLOVAKIA,Operational,PWR,469,"13 Oct, 1983","20 Dec, 1999","11 Apr, 2000",
AKKUYU-1,TÜRKIYE,Under Construction,PWR,1114,"03 Apr, 2018",N/A,N/A,
CHINSHAN-1,"TAIWAN, CHINA",Permanent Shutdown,BWR,604,"02 Jun, 1972","16 Nov, 1977","10 Dec, 1978","06 Dec, 2018"
CHINSHAN-2,"TAIWAN, CHINA",Permanent Shutdown,BWR,604,"07 Dec, 1973","19 Dec, 1978","15 Jul, 1979","16 Jul, 2019"
KUOSHENG-1,"TAIWAN, CHINA",Permanent Shutdown,BWR,985,"19 Nov, 1975","21 May, 1981","28 Dec, 1981","28 Dec, 2021"
KUOSHENG-2,"TAIWAN, CHINA",Permanent Shutdown,BWR,985,"15 Mar, 1976","29 Jun, 1982","16 Mar, 1983","14 Mar, 2023"
MAANSHAN-1,"TAIWAN, CHINA",Permanent Shutdown,PWR,936,"21 Aug, 1978","09 May, 1984","27 Jul, 1984","28 Jul, 2024"
MAANSHAN-2,"TAIWAN, CHINA",Operational,PWR,938,"21 Feb, 1979","25 Feb, 1985","18 May, 1985",
ZAPOROZHYE-5,UKRAINE,Operational,PWR,950,"01 Nov, 1985","14 Aug, 1989","27 Oct, 1989",
ZAPOROZHYE-6,UKRAINE,Operational,PWR,950,"01 Jun, 1986","19 Oct, 1995","17 Sep, 1996",
CHERNOBYL-1,UKRAINE,Permanent Shutdown,LWGR,740,"01 Mar, 1970","26 Sep, 1977","27 May, 1978","30 Nov, 1996"
CHERNOBYL-2,UKRAINE,Permanent Shutdown,LWGR,925,"01 Feb, 1973","21 Dec, 1978","28 May, 1979","11 Oct, 1991"
RIVNE-1,UKRAINE,Operational,PWR,381,"01 Aug, 1973","22 Dec, 1980","22 Sep, 1981",
RIVNE-2,UKRAINE,Operational,PWR,376,"01 Oct, 1973","22 Dec, 1981","29 Jul, 1982",
RIVNE-3,UKRAINE,Operational,PWR,950,"01 Feb, 1980","21 Dec, 1986","16 May, 1987",
KHMELNITSKI-1,UKRAINE,Operational,PWR,950,"01 Nov, 1981","31 Dec, 1987","13 Aug, 1988",
KHMELNITSKI-2,UKRAINE,Operational,PWR,950,"01 Feb, 1985","07 Aug, 2004","15 Dec, 2005",
CHERNOBYL-3,UKRAINE,Permanent Shutdown,LWGR,925,"01 Mar, 1976","03 Dec, 1981","08 Jun, 1982","15 Dec, 2000"
CHERNOBYL-4,UKRAINE,Permanent Shutdown,LWGR,925,"01 Apr, 1979","22 Dec, 1983","26 Mar, 1984","26 Apr, 1986"
SOUTH UKRAINE-1,UKRAINE,Operational,PWR,950,"01 Aug, 1976","31 Dec, 1982","02 Dec, 1983",
SOUTH UKRAINE-2,UKRAINE,Operational,PWR,950,"01 Jul, 1981","06 Jan, 1985","06 Apr, 1985",
SOUTH UKRAINE-3,UKRAINE,Operational,PWR,950,"01 Nov, 1984","20 Sep, 1989","29 Dec, 1989",
KHMELNITSKI-3,UKRAINE,Under Construction,PWR,1035,"01 Mar, 1986",N/A,N/A,
KHMELNITSKI-4,UKRAINE,Under Construction,PWR,1035,"01 Feb, 1987",N/A,N/A,
ZAPOROZHYE-1,UKRAINE,Operational,PWR,950,"01 Apr, 1980","10 Dec, 1984","25 Dec, 1985",
ZAPOROZHYE-2,UKRAINE,Operational,PWR,950,"01 Jan, 1981","22 Jul, 1985","15 Feb, 1986",
RIVNE-4,UKRAINE,Operational,PWR,950,"01 Aug, 1986","10 Oct, 2004","06 Apr, 2006",
ZAPOROZHYE-3,UKRAINE,Operational,PWR,950,"01 Apr, 1982","10 Dec, 1986","05 Mar, 1987",
ZAPOROZHYE-4,UKRAINE,Operational,PWR,950,"01 Apr, 1983","18 Dec, 1987","14 Apr, 1988",
ELK RIVER,UNITED STATES OF AMERICA,Permanent Shutdown,BWR,22,"01 Jan, 1959","24 Aug, 1963","01 Jul, 1964","01 Feb, 1968"
DRESDEN-1,UNITED STATES OF AMERICA,Permanent Shutdown,BWR,197,"01 May, 1956","15 Apr, 1960","04 Jul, 1960","31 Oct, 1978"
PATHFINDER,UNITED STATES OF AMERICA,Permanent Shutdown,BWR,59,"01 Jan, 1959","25 Jul, 1966","01 Aug, 1966","01 Oct, 1967"
HUMBOLDT BAY,UNITED STATES OF AMERICA,Permanent Shutdown,BWR,63,"01 Nov, 1960","18 Apr, 1963","01 Aug, 1963","02 Jul, 1976"
CVTR,UNITED STATES OF AMERICA,Permanent Shutdown,PHWR,17,"01 Jan, 1960","18 Dec, 1963","18 Dec, 1963","10 Jan, 1967"
BIG ROCK POINT,UNITED STATES OF AMERICA,Permanent Shutdown,BWR,67,"01 May, 1960","08 Dec, 1962","29 Mar, 1963","29 Aug, 1997"
FERMI-1,UNITED STATES OF AMERICA,Permanent Shutdown,FBR,61,"08 Aug, 1956","05 Aug, 1966","07 Aug, 1966","29 Nov, 1972"
PEACH BOTTOM-1,UNITED STATES OF AMERICA,Permanent Shutdown,HTGR,40,"01 Feb, 1962","27 Jan, 1967","01 Jun, 1967","01 Nov, 1974"
SAN ONOFRE-1,UNITED STATES OF AMERICA,Permanent Shutdown,PWR,436,"01 May, 1964","16 Jul, 1967","01 Jan, 1968","30 Nov, 1992"
HADDAM NECK,UNITED STATES OF AMERICA,Permanent Shutdown,PWR,560,"01 May, 1964","07 Aug, 1967","01 Jan, 1968","05 Dec, 1996"
OYSTER CREEK,UNITED STATES OF AMERICA,Permanent Shutdown,BWR,619,"15 Dec, 1964","23 Sep, 1969","01 Dec, 1969","17 Sep, 2018"
NINE MILE POINT-1,UNITED STATES OF AMERICA,Operational,BWR,613,"12 Apr, 1965","09 Nov, 1969","01 Dec, 1969",
DRESDEN-2,UNITED STATES OF AMERICA,Operational,BWR,894,"10 Jan, 1966","13 Apr, 1970","09 Jun, 1970",
GINNA,UNITED STATES OF AMERICA,Operational,PWR,560,"25 Apr, 1966","02 Dec, 1969","01 Jul, 1970",
MILLSTONE-1,UNITED STATES OF AMERICA,Permanent Shutdown,BWR,641,"01 May, 1966","29 Nov, 1970","01 Mar, 1971","01 Jul, 1998"
INDIAN POINT-2,UNITED STATES OF AMERICA,Permanent Shutdown,PWR,998,"14 Oct, 1966","26 Jun, 1973","01 Aug, 1974","30 Apr, 2020"
DRESDEN-3,UNITED STATES OF AMERICA,Operational,BWR,879,"14 Oct, 1966","22 Jul, 1971","16 Nov, 1971",
TURKEY POINT-3,UNITED STATES OF AMERICA,Operational,PWR,837,"27 Apr, 1967","02 Nov, 1972","14 Dec, 1972",
TURKEY POINT-4,UNITED STATES OF AMERICA,Operational,PWR,821,"27 Apr, 1967","21 Jun, 1973","07 Sep, 1973",
QUAD CITIES-1,UNITED STATES OF AMERICA,Operational,BWR,908,"15 Feb, 1967","12 Apr, 1972","18 Feb, 1973",
PALISADES,UNITED STATES OF AMERICA,Permanent Shutdown,PWR,805,"12 Mar, 1967","29 Dec, 1971",N/A,"20 May, 2022"
BROWNS FERRY-1,UNITED STATES OF AMERICA,Operational,BWR,1200,"01 May, 1967","15 Oct, 1973","20 Dec, 1974",
BROWNS FERRY-2,UNITED STATES OF AMERICA,Operational,BWR,1200,"01 May, 1967","28 Aug, 1974","01 Mar, 1975",
ROBINSON-2,UNITED STATES OF AMERICA,Operational,PWR,741,"13 Apr, 1967","26 Sep, 1970","07 Mar, 1971",
MONTICELLO,UNITED STATES OF AMERICA,Operational,BWR,628,"19 Jun, 1967","05 Mar, 1971","30 Jun, 1971",
QUAD CITIES-2,UNITED STATES OF AMERICA,Operational,BWR,911,"15 Feb, 1967","23 May, 1972","10 Mar, 1973",
POINT BEACH-1,UNITED STATES OF AMERICA,Operational,PWR,591,"19 Jul, 1967","06 Nov, 1970","21 Dec, 1970",
FORT ST. VRAIN,UNITED STATES OF AMERICA,Permanent Shutdown,HTGR,330,"01 Sep, 1968","11 Dec, 1976","01 Jul, 1979","29 Aug, 1989"
OCONEE-1,UNITED STATES OF AMERICA,Operational,PWR,847,"06 Nov, 1967","06 May, 1973","15 Jul, 1973",
OCONEE-2,UNITED STATES OF AMERICA,Operational,PWR,848,"06 Nov, 1967","05 Dec, 1973","09 Sep, 1974",
VERMONT YANKEE,UNITED STATES OF AMERICA,Permanent Shutdown,BWR,605,"11 Dec, 1967","20 Sep, 1972","30 Nov, 1972","29 Dec, 2014"
SALEM-1,UNITED STATES OF AMERICA,Operational,PWR,1169,"25 Sep, 1968","25 Dec, 1976","30 Jun, 1977",
DIABLO CANYON-1,UNITED STATES OF AMERICA,Operational,PWR,1138,"23 Apr, 1968","11 Nov, 1984","07 May, 1985",
PEACH BOTTOM-2,UNITED STATES OF AMERICA,Operational,BWR,1300,"31 Jan, 1968","18 Feb, 1974","05 Jul, 1974",
PEACH BOTTOM-3,UNITED STATES OF AMERICA,Operational,BWR,1331,"31 Jan, 1968","01 Sep, 1974","23 Dec, 1974",
SURRY-1,UNITED STATES OF AMERICA,Operational,PWR,838,"25 Jun, 1968","04 Jul, 1972","22 Dec, 1972",
SURRY-2,UNITED STATES OF AMERICA,Operational,PWR,838,"25 Jun, 1968","10 Mar, 1973","01 May, 1973",
PRAIRIE ISLAND-1,UNITED STATES OF AMERICA,Operational,PWR,522,"25 Jun, 1968","04 Dec, 1973","16 Dec, 1973",
FORT CALHOUN-1,UNITED STATES OF AMERICA,Permanent Shutdown,PWR,482,"07 Jun, 1968","25 Aug, 1973","26 Sep, 1973","24 Oct, 2016"
INDIAN POINT-3,UNITED STATES OF AMERICA,Permanent Shutdown,PWR,1030,"30 Oct, 1968","25 Apr, 1976","28 Aug, 1976","28 Apr, 2021"
OCONEE-3,UNITED STATES OF AMERICA,Operational,PWR,859,"06 Nov, 1967","18 Sep, 1974","16 Dec, 1974",
THREE MILE ISLAND-1,UNITED STATES OF AMERICA,Permanent Shutdown,PWR,819,"18 May, 1968","19 Jun, 1974","02 Sep, 1974","20 Sep, 2019"
YANKEE NPS,UNITED STATES OF AMERICA,Permanent Shutdown,PWR,167,"01 Nov, 1957","10 Nov, 1960","01 Jul, 1961","01 Oct, 1991"
PILGRIM-1,UNITED STATES OF AMERICA,Permanent Shutdown,BWR,677,"26 Aug, 1968","19 Jul, 1972","01 Dec, 1972","31 May, 2019"
ZION-1,UNITED STATES OF AMERICA,Permanent Shutdown,PWR,1040,"01 Dec, 1968","28 Jun, 1973","31 Dec, 1973","13 Feb, 1998"
BROWNS FERRY-3,UNITED STATES OF AMERICA,Operational,BWR,1210,"01 Jul, 1968","12 Sep, 1976","01 Mar, 1977",
COOPER,UNITED STATES OF AMERICA,Operational,BWR,769,"01 Jun, 1968","10 May, 1974","01 Jul, 1974",
INDIAN POINT-1,UNITED STATES OF AMERICA,Permanent Shutdown,PWR,257,"01 May, 1956","16 Sep, 1962","01 Oct, 1962","31 Oct, 1974"
POINT BEACH-2,UNITED STATES OF AMERICA,Operational,PWR,591,"25 Jul, 1968","02 Aug, 1972","01 Oct, 1972",
CRYSTAL RIVER-3,UNITED STATES OF AMERICA,Permanent Shutdown,PWR,860,"25 Sep, 1968","30 Jan, 1977","13 Mar, 1977","05 Feb, 2013"
ZION-2,UNITED STATES OF AMERICA,Permanent Shutdown,PWR,1040,"01 Dec, 1968","26 Dec, 1973","17 Sep, 1974","13 Feb, 1998"
KEWAUNEE,UNITED STATES OF AMERICA,Permanent Shutdown,PWR,566,"06 Aug, 1968","08 Apr, 1974","16 Jun, 1974","07 May, 2013"
PRAIRIE ISLAND-2,UNITED STATES OF AMERICA,Operational,PWR,519,"25 Jun, 1969","21 Dec, 1974","21 Dec, 1974",
MAINE YANKEE,UNITED STATES OF AMERICA,Permanent Shutdown,PWR,860,"01 Oct, 1968","08 Nov, 1972","28 Dec, 1972","01 Aug, 1997"
SALEM-2,UNITED STATES OF AMERICA,Operational,PWR,1158,"25 Sep, 1968","03 Jun, 1981","13 Oct, 1981",
RANCHO SECO-1,UNITED STATES OF AMERICA,Permanent Shutdown,PWR,873,"01 Apr, 1969","13 Oct, 1974","17 Apr, 1975","07 Jun, 1989"
ANO-1,UNITED STATES OF AMERICA,Operational,PWR,836,"01 Oct, 1968","17 Aug, 1974","19 Dec, 1974",
COOK-1,UNITED STATES OF AMERICA,Operational,PWR,1030,"25 Mar, 1969","10 Feb, 1975","28 Aug, 1975",
COOK-2,UNITED STATES OF AMERICA,Operational,PWR,1168,"25 Mar, 1969","22 Mar, 1978","01 Jul, 1978",
CALVERT CLIFFS-1,UNITED STATES OF AMERICA,Operational,PWR,877,"01 Jun, 1968","03 Jan, 1975","08 May, 1975",
CALVERT CLIFFS-2,UNITED STATES OF AMERICA,Operational,PWR,855,"01 Jun, 1968","07 Dec, 1976","01 Apr, 1977",
THREE MILE ISLAND-2,UNITED STATES OF AMERICA,Permanent Shutdown,PWR,880,"01 Nov, 1969","21 Apr, 1978","30 Dec, 1978","28 Mar, 1979"
HATCH-1,UNITED STATES OF AMERICA,Operational,BWR,876,"30 Sep, 1968","11 Nov, 1974","31 Dec, 1975",
SHOREHAM,UNITED STATES OF AMERICA,Permanent Shutdown,BWR,820,"01 Nov, 1972","01 Aug, 1986",N/A,"28 Jun, 1989"
DIABLO CANYON-2,UNITED STATES OF AMERICA,Operational,PWR,1118,"09 Dec, 1970","20 Oct, 1985","13 Mar, 1986",
BRUNSWICK-2,UNITED STATES OF AMERICA,Operational,BWR,932,"07 Feb, 1970","29 Apr, 1975","03 Nov, 1975",
BRUNSWICK-1,UNITED STATES OF AMERICA,Operational,BWR,938,"07 Feb, 1970","04 Dec, 1976","18 Mar, 1977",
SEQUOYAH-1,UNITED STATES OF AMERICA,Operational,PWR,1152,"27 May, 1970","22 Jul, 1980","01 Jul, 1981",
SEQUOYAH-2,UNITED STATES OF AMERICA,Operational,PWR,1139,"27 May, 1970","23 Dec, 1981","01 Jun, 1982",
DUANE ARNOLD-1,UNITED STATES OF AMERICA,Permanent Shutdown,BWR,601,"22 Jun, 1970","19 May, 1974","01 Feb, 1975","12 Oct, 2020"
FITZPATRICK,UNITED STATES OF AMERICA,Operational,BWR,813,"01 Sep, 1968","01 Feb, 1975","28 Jul, 1975",
BEAVER VALLEY-1,UNITED STATES OF AMERICA,Operational,PWR,908,"26 Jun, 1970","14 Jun, 1976","01 Oct, 1976",
ST. LUCIE-1,UNITED STATES OF AMERICA,Operational,PWR,981,"01 Jul, 1970","07 May, 1976","21 Dec, 1976",
MILLSTONE-2,UNITED STATES OF AMERICA,Operational,PWR,869,"01 Nov, 1969","09 Nov, 1975","26 Dec, 1975",
NORTH ANNA-1,UNITED STATES OF AMERICA,Operational,PWR,948,"19 Feb, 1971","17 Apr, 1978","06 Jun, 1978",
NORTH ANNA-2,UNITED STATES OF AMERICA,Operational,PWR,944,"19 Feb, 1971","25 Aug, 1980","14 Dec, 1980",
FERMI-2,UNITED STATES OF AMERICA,Operational,BWR,1115,"26 Sep, 1972","21 Sep, 1986","23 Jan, 1988",
TROJAN,UNITED STATES OF AMERICA,Permanent Shutdown,PWR,1095,"01 Feb, 1970","23 Dec, 1975","20 May, 1976","09 Nov, 1992"
DAVIS BESSE-1,UNITED STATES OF AMERICA,Operational,PWR,894,"01 Sep, 1970","28 Aug, 1977","31 Jul, 1978",
FARLEY-1,UNITED STATES OF AMERICA,Operational,PWR,874,"01 Oct, 1970","18 Aug, 1977","01 Dec, 1977",
LIMERICK-1,UNITED STATES OF AMERICA,Operational,BWR,1134,"19 Jun, 1974","13 Apr, 1985","01 Feb, 1986",
LIMERICK-2,UNITED STATES OF AMERICA,Operational,BWR,1134,"19 Jun, 1974","01 Sep, 1989","08 Jan, 1990",
HOPE CREEK-1,UNITED STATES OF AMERICA,Operational,BWR,1172,"01 Mar, 1976","01 Aug, 1986","20 Dec, 1986",
SAN ONOFRE-2,UNITED STATES OF AMERICA,Permanent Shutdown,PWR,1070,"01 Mar, 1974","20 Sep, 1982","08 Aug, 1983","07 Jun, 2013"
SAN ONOFRE-3,UNITED STATES OF AMERICA,Permanent Shutdown,PWR,1080,"01 Mar, 1974","25 Sep, 1983","01 Apr, 1984","07 Jun, 2013"
FARLEY-2,UNITED STATES OF AMERICA,Operational,PWR,883,"01 Oct, 1970","25 May, 1981","30 Jul, 1981",
HATCH-2,UNITED STATES OF AMERICA,Operational,BWR,883,"01 Feb, 1972","22 Sep, 1978","05 Sep, 1979",
ANO-2,UNITED STATES OF AMERICA,Operational,PWR,988,"06 Dec, 1968","26 Dec, 1978","26 Mar, 1980",
MCGUIRE-1,UNITED STATES OF AMERICA,Operational,PWR,1158,"01 Apr, 1971","12 Sep, 1981","01 Dec, 1981",
MCGUIRE-2,UNITED STATES OF AMERICA,Operational,PWR,1158,"01 Apr, 1971","23 May, 1983","01 Mar, 1984",
LASALLE-1,UNITED STATES OF AMERICA,Operational,BWR,1137,"10 Sep, 1973","04 Sep, 1982","01 Jan, 1984",
LASALLE-2,UNITED STATES OF AMERICA,Operational,BWR,1140,"10 Sep, 1973","20 Apr, 1984","19 Oct, 1984",
WATERFORD-3,UNITED STATES OF AMERICA,Operational,PWR,1168,"14 Nov, 1974","18 Mar, 1985","24 Sep, 1985",
SUSQUEHANNA-1,UNITED STATES OF AMERICA,Operational,BWR,1257,"02 Nov, 1973","16 Nov, 1982","08 Jun, 1983",
SUSQUEHANNA-2,UNITED STATES OF AMERICA,Operational,BWR,1257,"02 Nov, 1973","03 Jul, 1984","12 Feb, 1985",
ST. LUCIE-2,UNITED STATES OF AMERICA,Operational,PWR,987,"02 Jun, 1977","13 Jun, 1983","08 Aug, 1983",
WATTS BAR-1,UNITED STATES OF AMERICA,Operational,PWR,1157,"20 Jul, 1973","06 Feb, 1996","27 May, 1996",
WATTS BAR-2,UNITED STATES OF AMERICA,Operational,PWR,1164,"01 Sep, 1973","03 Jun, 2016","19 Oct, 2016",
SUMMER-1,UNITED STATES OF AMERICA,Operational,PWR,973,"21 Mar, 1973","16 Nov, 1982","01 Jan, 1984",
COLUMBIA,UNITED STATES OF AMERICA,Operational,BWR,1131,"01 Aug, 1972","27 May, 1984","13 Dec, 1984",
BONUS,UNITED STATES OF AMERICA,Permanent Shutdown,BWR,17,"01 Jan, 1960","14 Aug, 1964","01 Sep, 1965","01 Jun, 1968"
HARRIS-1,UNITED STATES OF AMERICA,Operational,PWR,964,"28 Jan, 1978","19 Jan, 1987","02 May, 1987",
LACROSSE,UNITED STATES OF AMERICA,Permanent Shutdown,BWR,48,"01 Mar, 1963","26 Apr, 1968","07 Nov, 1969","30 Apr, 1987"
NINE MILE POINT-2,UNITED STATES OF AMERICA,Operational,BWR,1277,"01 Aug, 1975","08 Aug, 1987","11 Mar, 1988",
BEAVER VALLEY-2,UNITED STATES OF AMERICA,Operational,PWR,905,"03 May, 1974","17 Aug, 1987","17 Nov, 1987",
CATAWBA-1,UNITED STATES OF AMERICA,Operational,PWR,1160,"01 May, 1974","22 Jan, 1985","29 Jun, 1985",
CATAWBA-2,UNITED STATES OF AMERICA,Operational,PWR,1150,"01 May, 1974","18 May, 1986","19 Aug, 1986",
GRAND GULF-1,UNITED STATES OF AMERICA,Operational,BWR,1401,"04 May, 1974","20 Oct, 1984","01 Jul, 1985",
MILLSTONE-3,UNITED STATES OF AMERICA,Operational,PWR,1210,"09 Aug, 1974","12 Feb, 1986","23 Apr, 1986",
VOGTLE-1,UNITED STATES OF AMERICA,Operational,PWR,1150,"01 Aug, 1976","27 Mar, 1987","01 Jun, 1987",
VOGTLE-2,UNITED STATES OF AMERICA,Operational,PWR,1152,"01 Aug, 1976","10 Apr, 1989","20 May, 1989",
PERRY-1,UNITED STATES OF AMERICA,Operational,BWR,1240,"01 Oct, 1974","19 Dec, 1986","18 Nov, 1987",
SEABROOK-1,UNITED STATES OF AMERICA,Operational,PWR,1246,"07 Jul, 1976","29 May, 1990","19 Aug, 1990",
COMANCHE PEAK-1,UNITED STATES OF AMERICA,Operational,PWR,1205,"19 Dec, 1974","24 Apr, 1990","13 Aug, 1990",
COMANCHE PEAK-2,UNITED STATES OF AMERICA,Operational,PWR,1195,"19 Dec, 1974","09 Apr, 1993","03 Aug, 1993",
BYRON-1,UNITED STATES OF AMERICA,Operational,PWR,1164,"01 Apr, 1975","01 Mar, 1985","16 Sep, 1985",
BYRON-2,UNITED STATES OF AMERICA,Operational,PWR,1136,"01 Apr, 1975","06 Feb, 1987","02 Aug, 1987",
BRAIDWOOD-1,UNITED STATES OF AMERICA,Operational,PWR,1194,"01 Aug, 1975","12 Jul, 1987","29 Jul, 1988",
BRAIDWOOD-2,UNITED STATES OF AMERICA,Operational,PWR,1160,"01 Aug, 1975","25 May, 1988","17 Oct, 1988",
RIVER BEND-1,UNITED STATES OF AMERICA,Operational,BWR,967,"25 Mar, 1977","03 Dec, 1985","16 Jun, 1986",
CLINTON-1,UNITED STATES OF AMERICA,Operational,BWR,1062,"01 Oct, 1975","24 Apr, 1987","24 Nov, 1987",
WOLF CREEK,UNITED STATES OF AMERICA,Operational,PWR,1200,"31 May, 1977","12 Jun, 1985","03 Sep, 1985",
CALLAWAY-1,UNITED STATES OF AMERICA,Operational,PWR,1215,"01 Sep, 1975","24 Oct, 1984","19 Dec, 1984",
SOUTH TEXAS-1,UNITED STATES OF AMERICA,Operational,PWR,1280,"22 Dec, 1975","30 Mar, 1988","25 Aug, 1988",
SOUTH TEXAS-2,UNITED STATES OF AMERICA,Operational,PWR,1280,"22 Dec, 1975","11 Apr, 1989","19 Jun, 1989",
PALO VERDE-1,UNITED STATES OF AMERICA,Operational,PWR,1311,"25 May, 1976","10 Jun, 1985","28 Jan, 1986",
PALO VERDE-2,UNITED STATES OF AMERICA,Operational,PWR,1314,"01 Jun, 1976","20 May, 1986","19 Sep, 1986",
PALO VERDE-3,UNITED STATES OF AMERICA,Operational,PWR,1312,"01 Jun, 1976","28 Nov, 1987","08 Jan, 1988",
KOEBERG-1,SOUTH AFRICA,Operational,PWR,924,"01 Jul, 1976","04 Apr, 1984","21 Jul, 1984",
KOEBERG-2,SOUTH AFRICA,Operational,PWR,930,"01 Jul, 1976","25 Jul, 1985","09 Nov, 1985",
TIANWAN-1,CHINA,Operational,PWR,1000,"20 Oct, 1999","12 May, 2006","17 May, 2007",
TIANWAN-2,CHINA,Operational,PWR,1000,"20 Sep, 2000","14 May, 2007","16 Aug, 2007",
QINSHAN 3-2,CHINA,Operational,PHWR,677,"25 Sep, 1998","12 Jun, 2003","24 Jul, 2003",
HIGASHI DORI-1 (TOHOKU),JAPAN,Suspended Operation,BWR,1067,"07 Nov, 2000","09 Mar, 2005","08 Dec, 2005",
SHIKA-2,JAPAN,Suspended Operation,BWR,1108,"20 Aug, 2001","04 Jul, 2005","15 Mar, 2006",
HAMAOKA-5,JAPAN,Suspended Operation,BWR,1325,"12 Jul, 2000","30 Apr, 2004","18 Jan, 2005",
KUDANKULAM-1,INDIA,Operational,PWR,932,"31 Mar, 2002","22 Oct, 2013","31 Dec, 2014",
KUDANKULAM-2,INDIA,Operational,PWR,932,"04 Jul, 2002","29 Aug, 2016","31 Mar, 2017",
TOMARI-3,JAPAN,Suspended Operation,PWR,866,"18 Nov, 2004","20 Mar, 2009","22 Dec, 2009",
PFBR,INDIA,Under Construction,FBR,470,"23 Oct, 2004",N/A,N/A,
OLKILUOTO-3,FINLAND,Operational,PWR,1600,"12 Aug, 2005","12 Mar, 2022","01 May, 2023",
SHIMANE-3,JAPAN,Under Construction,BWR,1325,"24 Oct, 2006",N/A,N/A,
SHIN-KORI-1,"KOREA, REPUBLIC OF",Operational,PWR,996,"16 Jun, 2006","04 Aug, 2010","28 Feb, 2011",
SHIN-KORI-2,"KOREA, REPUBLIC OF",Operational,PWR,996,"05 Jun, 2007","28 Jan, 2012","20 Jul, 2012",
OHMA,JAPAN,Under Construction,BWR,1328,"07 May, 2010",N/A,N/A,
FLAMANVILLE-3,FRANCE,Under Construction,PWR,1630,"03 Dec, 2007",N/A,N/A,
LING AO-4,CHINA,Operational,PWR,1007,"15 Jun, 2006","03 May, 2011","07 Aug, 2011",
QINSHAN 2-3,CHINA,Operational,PWR,623,"28 Apr, 2006","01 Aug, 2010","05 Oct, 2010",
QINSHAN 2-4,CHINA,Operational,PWR,623,"28 Jan, 2007","25 Nov, 2011","30 Dec, 2011",
LING AO-3,CHINA,Operational,PWR,1007,"15 Dec, 2005","15 Jul, 2010","15 Sep, 2010",
SANMEN-1,CHINA,Operational,PWR,1157,"19 Apr, 2009","30 Jun, 2018","21 Sep, 2018",
SANMEN-2,CHINA,Operational,PWR,1157,"15 Dec, 2009","24 Aug, 2018","05 Nov, 2018",
YANGJIANG-1,CHINA,Operational,PWR,1000,"16 Dec, 2008","31 Dec, 2013","25 Mar, 2014",
YANGJIANG-2,CHINA,Operational,PWR,1000,"04 Jun, 2009","10 Mar, 2015","05 Jun, 2015",
SHIN-WOLSONG-1,"KOREA, REPUBLIC OF",Operational,PWR,997,"20 Nov, 2007","27 Jan, 2012","31 Jul, 2012",
SHIN-WOLSONG-2,"KOREA, REPUBLIC OF",Operational,PWR,993,"23 Sep, 2008","26 Feb, 2015","24 Jul, 2015",
SAEUL-1,"KOREA, REPUBLIC OF",Operational,PWR,1416,"16 Oct, 2008","15 Jan, 2016","20 Dec, 2016",
SAEUL-2,"KOREA, REPUBLIC OF",Operational,PWR,1418,"19 Aug, 2009","22 Apr, 2019","29 Aug, 2019",
SHIN-HANUL-1,"KOREA, REPUBLIC OF",Operational,PWR,1414,"10 Jul, 2012","09 Jun, 2022","07 Dec, 2022",
SHIN-HANUL-2,"KOREA, REPUBLIC OF",Operational,PWR,1340,"19 Jun, 2013","21 Dec, 2023","05 Apr, 2024",
SHIPPINGPORT,UNITED STATES OF AMERICA,Permanent Shutdown,PWR,60,"01 Jan, 1954","02 Dec, 1957","26 May, 1958","01 Oct, 1982"
HALLAM,UNITED STATES OF AMERICA,Permanent Shutdown,X,75,"01 Jan, 1959","01 Sep, 1963","01 Nov, 1963","01 Sep, 1964"
SAXTON,UNITED STATES OF AMERICA,Permanent Shutdown,PWR,3,"01 Jan, 1960","01 Mar, 1967",N/A,"01 May, 1972"
GE VALLECITOS,UNITED STATES OF AMERICA,Permanent Shutdown,BWR,24,"01 Jan, 1956","19 Oct, 1957","19 Oct, 1957","09 Dec, 1963"
PIQUA,UNITED STATES OF AMERICA,Permanent Shutdown,X,12,"01 Jan, 1960","01 Jul, 1963","01 Nov, 1963","01 Jan, 1966"
AKADEMIK LOMONOSOV-1,RUSSIA,Operational,PWR,32,"15 Apr, 2007","19 Dec, 2019","22 May, 2020",
AKADEMIK LOMONOSOV-2,RUSSIA,Operational,PWR,32,"15 Apr, 2007","19 Dec, 2019","22 May, 2020",
NOVOVORONEZH 2-1,RUSSIA,Operational,PWR,1100,"24 Jun, 2008","05 Aug, 2016","27 Feb, 2017",
NOVOVORONEZH 2-2,RUSSIA,Operational,PWR,1101,"12 Jul, 2009","01 May, 2019","31 Oct, 2019",
LENINGRAD 2-1,RUSSIA,Operational,PWR,1101,"25 Oct, 2008","09 Mar, 2018","29 Oct, 2018",
LENINGRAD 2-2,RUSSIA,Operational,PWR,1101,"15 Apr, 2010","22 Oct, 2020","18 Mar, 2021",
LENINGRAD 2-3,RUSSIA,Under Construction,PWR,1150,"14 Mar, 2024",N/A,N/A,
KURSK 2-1,RUSSIA,Under Construction,PWR,1200,"28 Apr, 2018",N/A,N/A,
HONGYANHE-1,CHINA,Operational,PWR,1061,"18 Aug, 2007","17 Feb, 2013","06 Jun, 2013",
HONGYANHE-2,CHINA,Operational,PWR,1061,"28 Mar, 2008","23 Nov, 2013","13 May, 2014",
HONGYANHE-3,CHINA,Operational,PWR,1061,"07 Mar, 2009","23 Mar, 2015","16 Aug, 2015",
HONGYANHE-4,CHINA,Operational,PWR,1061,"15 Aug, 2009","01 Apr, 2016","08 Jun, 2016",
HAIYANG-1,CHINA,Operational,PWR,1170,"24 Sep, 2009","17 Aug, 2018","22 Oct, 2018",
HAIYANG-2,CHINA,Operational,PWR,1170,"20 Jun, 2010","13 Oct, 2018","09 Jan, 2019",
FANGJIASHAN-1,CHINA,Operational,PWR,1012,"26 Dec, 2008","04 Nov, 2014","15 Dec, 2014",
FANGJIASHAN-2,CHINA,Operational,PWR,1012,"17 Jul, 2009","12 Jan, 2015","12 Feb, 2015",
FUQING-1,CHINA,Operational,PWR,1000,"21 Nov, 2008","20 Aug, 2014","22 Nov, 2014",
FUQING-2,CHINA,Operational,PWR,1000,"17 Jun, 2009","06 Aug, 2015","16 Oct, 2015",
TAISHAN-1,CHINA,Operational,PWR,1660,"18 Nov, 2009","29 Jun, 2018","13 Dec, 2018",
TAISHAN-2,CHINA,Operational,PWR,1660,"15 Apr, 2010","23 Jun, 2019","07 Sep, 2019",
NINGDE-1,CHINA,Operational,PWR,1018,"18 Feb, 2008","28 Dec, 2012","15 Apr, 2013",
NINGDE-2,CHINA,Operational,PWR,1018,"12 Nov, 2008","04 Jan, 2014","04 May, 2014",
NINGDE-3,CHINA,Operational,PWR,1018,"08 Jan, 2010","21 Mar, 2015","10 Jun, 2015",
NINGDE-4,CHINA,Operational,PWR,1018,"29 Sep, 2010","29 Mar, 2016","21 Jul, 2016",
YANGJIANG-3,CHINA,Operational,PWR,1000,"15 Nov, 2010","18 Oct, 2015","01 Jan, 2016",
YANGJIANG-4,CHINA,Operational,PWR,1000,"17 Nov, 2012","08 Jan, 2017","15 Mar, 2017",
YANGJIANG-5,CHINA,Operational,PWR,1000,"18 Sep, 2013","23 May, 2018","12 Jul, 2018",
YANGJIANG-6,CHINA,Operational,PWR,1000,"23 Dec, 2013","29 Jun, 2019","24 Jul, 2019",
FUQING-3,CHINA,Operational,PWR,1000,"31 Dec, 2010","07 Sep, 2016","24 Oct, 2016",
FUQING-4,CHINA,Operational,PWR,1000,"17 Nov, 2012","29 Jul, 2017","17 Sep, 2017",
FUQING-5,CHINA,Operational,PWR,1075,"07 May, 2015","27 Nov, 2020","30 Jan, 2021",
FUQING-6,CHINA,Operational,PWR,1075,"22 Dec, 2015","01 Jan, 2022","25 Mar, 2022",
CHANGJIANG-1,CHINA,Operational,PWR,601,"25 Apr, 2010","07 Nov, 2015","25 Dec, 2015",
CHANGJIANG-2,CHINA,Operational,PWR,601,"21 Nov, 2010","20 Jun, 2016","12 Aug, 2016",
CHANGJIANG-3,CHINA,Under Construction,PWR,1000,"31 Mar, 2021",N/A,N/A,
CHANGJIANG-4,CHINA,Under Construction,PWR,1000,"28 Dec, 2021",N/A,N/A,
FANGCHENGGANG-1,CHINA,Operational,PWR,1000,"30 Jul, 2010","25 Oct, 2015","01 Jan, 2016",
FANGCHENGGANG-2,CHINA,Operational,PWR,1000,"23 Dec, 2010","15 Jul, 2016","01 Oct, 2016",
FANGCHENGGANG-3,CHINA,Operational,PWR,1000,"24 Dec, 2015","10 Jan, 2023","25 Mar, 2023",
FANGCHENGGANG-4,CHINA,Operational,PWR,1000,"23 Dec, 2016","09 Apr, 2024","25 May, 2024",
SHIDAO BAY-1,CHINA,Operational,HTGR,150,"09 Dec, 2012","14 Dec, 2021","06 Dec, 2023",
LUCENS,SWITZERLAND,Permanent Shutdown,HWGCR,6,"01 Apr, 1962","29 Jan, 1968",N/A,"21 Jan, 1969"
TIANWAN-3,CHINA,Operational,PWR,1060,"27 Dec, 2012","30 Dec, 2017","14 Feb, 2018",
TIANWAN-4,CHINA,Operational,PWR,1060,"27 Sep, 2013","27 Oct, 2018","22 Dec, 2018",
TIANWAN-5,CHINA,Operational,PWR,1060,"27 Dec, 2015","08 Aug, 2020","08 Sep, 2020",
TIANWAN-6,CHINA,Operational,PWR,1060,"07 Sep, 2016","11 May, 2021","02 Jun, 2021",
KAKRAPAR-3,INDIA,Operational,PHWR,630,"22 Nov, 2010","10 Jan, 2021","30 Jun, 2023",
KAKRAPAR-4,INDIA,Operational,PHWR,630,"22 Nov, 2010","20 Feb, 2024","31 Mar, 2024",
HAIYANG-3,CHINA,Under Construction,PWR,1161,"07 Jul, 2022",N/A,N/A,
HAIYANG-4,CHINA,Under Construction,PWR,1161,"22 Apr, 2023",N/A,N/A,
SANMEN-3,CHINA,Under Construction,PWR,1163,"28 Jun, 2022",N/A,N/A,
SANMEN-4,CHINA,Under Construction,PWR,1163,"22 Mar, 2023",N/A,N/A,
HONGYANHE-5,CHINA,Operational,PWR,1061,"29 Mar, 2015","25 Jun, 2021","31 Jul, 2021",
HONGYANHE-6,CHINA,Operational,PWR,1061,"24 Jul, 2015","02 May, 2022","23 Jun, 2022",
XUDAPU-1,CHINA,Under Construction,PWR,1000,"03 Nov, 2023",N/A,N/A,
XUDAPU-2,CHINA,Under Construction,PWR,1000,"17 Jul, 2024",N/A,N/A,
KURSK 2-2,RUSSIA,Under Construction,PWR,1200,"01 May, 2019",N/A,N/A,
VOGTLE-3,UNITED STATES OF AMERICA,Operational,PWR,1117,"02 Mar, 2013","31 Mar, 2023","31 Jul, 2023",
VOGTLE-4,UNITED STATES OF AMERICA,Operational,PWR,1117,"19 Nov, 2013","06 Mar, 2024","29 Apr, 2024",
CHASNUPP-3,PAKISTAN,Operational,PWR,315,"28 May, 2011","15 Oct, 2016","06 Dec, 2016",
CHASNUPP-4,PAKISTAN,Operational,PWR,313,"18 Dec, 2011","25 Jun, 2017","19 Sep, 2017",
BARAKAH-1,UNITED ARAB EMIRATES,Operational,PWR,1337,"19 Jul, 2012","19 Aug, 2020","01 Apr, 2021",
BARAKAH-2,UNITED ARAB EMIRATES,Operational,PWR,1337,"15 Apr, 2013","14 Sep, 2021","24 Mar, 2022",
BARAKAH-3,UNITED ARAB EMIRATES,Operational,PWR,1337,"24 Sep, 2014","08 Oct, 2022","24 Feb, 2023",
BARAKAH-4,UNITED ARAB EMIRATES,Operational,PWR,1310,"30 Jul, 2015","23 Mar, 2024",N/A,
CAREM25,ARGENTINA,Under Construction,PWR,25,"25 Aug, 2015",N/A,N/A,
BELARUSIAN-1,BELARUS,Operational,PWR,1110,"08 Nov, 2013","03 Nov, 2020","10 Jun, 2021",
KUDANKULAM-3,INDIA,Under Construction,PWR,917,"29 Jun, 2017",N/A,N/A,
KUDANKULAM-4,INDIA,Under Construction,PWR,917,"23 Oct, 2017",N/A,N/A,
BELARUSIAN-2,BELARUS,Operational,PWR,1110,"27 Apr, 2014","13 May, 2023","01 Nov, 2023",
KANUPP-2,PAKISTAN,Operational,PWR,1017,"20 Aug, 2015","18 Mar, 2021","21 May, 2021",
KANUPP-3,PAKISTAN,Operational,PWR,1017,"31 May, 2016","04 Mar, 2022","18 Apr, 2022",
HINKLEY POINT C-1,UNITED KINGDOM,Under Construction,PWR,1630,"11 Dec, 2018",N/A,N/A,
HINKLEY POINT C-2,UNITED KINGDOM,Under Construction,PWR,1630,"12 Dec, 2019",N/A,N/A,
SAEUL-3,"KOREA, REPUBLIC OF",Under Construction,PWR,1340,"01 Apr, 2017",N/A,N/A,
SAEUL-4,"KOREA, REPUBLIC OF",Under Construction,PWR,1340,"20 Sep, 2018",N/A,N/A,
ROOPPUR-1,BANGLADESH,Under Construction,PWR,1080,"30 Nov, 2017",N/A,N/A,
ROOPPUR-2,BANGLADESH,Under Construction,PWR,1080,"14 Jul, 2018",N/A,N/A,
AKKUYU-2,TÜRKIYE,Under Construction,PWR,1114,"08 Apr, 2020",N/A,N/A,
AKKUYU-3,TÜRKIYE,Under Construction,PWR,1114,"10 Mar, 2021",N/A,N/A,
AKKUYU-4,TÜRKIYE,Under Construction,PWR,1114,"21 Jul, 2022",N/A,N/A,
ZHANGZHOU-1,CHINA,Under Construction,PWR,1126,"16 Oct, 2019",N/A,N/A,
TAIPINGLING-1,CHINA,Under Construction,PWR,1116,"26 Dec, 2019",N/A,N/A,
ZHANGZHOU-2,CHINA,Under Construction,PWR,1126,"04 Sep, 2020",N/A,N/A,
TAIPINGLING-2,CHINA,Under Construction,PWR,1116,"15 Oct, 2020",N/A,N/A,
SANAO-1,CHINA,Under Construction,PWR,1117,"31 Dec, 2020",N/A,N/A,
XIAPU-1,CHINA,Under Construction,FBR,642,"29 Dec, 2017",N/A,N/A,
XUDAPU-3,CHINA,Under Construction,PWR,1200,"28 Jul, 2021",N/A,N/A,
TIANWAN-7,CHINA,Under Construction,PWR,1171,"19 May, 2021",N/A,N/A,
BREST-OD-300,RUSSIA,Under Construction,FBR,300,"08 Jun, 2021",N/A,N/A,
SANAO-2,CHINA,Under Construction,PWR,1117,"30 Dec, 2021",N/A,N/A,
KUDANKULAM-5,INDIA,Under Construction,PWR,917,"29 Jun, 2021",N/A,N/A,
KUDANKULAM-6,INDIA,Under Construction,PWR,917,"20 Dec, 2021",N/A,N/A,
TIANWAN-8,CHINA,Under Construction,PWR,1171,"25 Feb, 2022",N/A,N/A,
LINGLONG-1,CHINA,Under Construction,PWR,100,"13 Jul, 2021",N/A,N/A,
XUDAPU-4,CHINA,Under Construction,PWR,1200,"19 May, 2022",N/A,N/A,
LUFENG-5,CHINA,Under Construction,PWR,1116,"08 Sep, 2022",N/A,N/A,
LUFENG-6,CHINA,Under Construction,PWR,1116,"26 Aug, 2023",N/A,N/A,
EL DABAA-3,EGYPT,Under Construction,PWR,1100,"03 May, 2023",N/A,N/A,
ZHANGZHOU-3,CHINA,Under Construction,PWR,1129,"22 Feb, 2024",N/A,N/A,
LIANJIANG-1,CHINA,Under Construction,PWR,1224,"27 Sep, 2023",N/A,N/A,
LIANJIANG-2,CHINA,Under Construction,PWR,1224,"26 Apr, 2024",N/A,N/A,
